{
  "id": "residential_3",
  "df": "{\"load\":{\"1451606400000\":0.0225599112,\"1451607300000\":0.0355993652,\"1451608200000\":0.0539677661,\"1451609100000\":0.0462942899,\"1451610000000\":0.0454496624,\"1451610900000\":0.0284446542,\"1451611800000\":0.0311237722,\"1451612700000\":0.0217332262,\"1451613600000\":0.0215767209,\"1451614500000\":0.0215853034,\"1451615400000\":0.0294873416,\"1451616300000\":0.0242018102},\"pv\":{\"1451606400000\":0,\"1451607300000\":0,\"1451608200000\":0,\"1451609100000\":0,\"1451610000000\":0,\"1451610900000\":0,\"1451611800000\":0,\"1451612700000\":0,\"1451613600000\":0,\"1451614500000\":0,\"1451615400000\":0,\"1451616300000\":0},\"schedule\":{\"1451606400000\":-0.0225599112,\"1451607300000\":-0.0355993652,\"1451608200000\":-0.0539677661,\"1451609100000\":-0.0462942899,\"1451610000000\":-0.0454496624,\"1451610900000\":-0.0284446542,\"1451611800000\":-0.0311237722,\"1451612700000\":-0.0217332262,\"1451613600000\":-0.0215767209,\"1451614500000\":-0.0215853034,\"1451615400000\":-0.0294873416,\"1451616300000\":-0.0242018102},\"price\":{\"1451606400000\":1.0,\"1451607300000\":1.0,\"1451608200000\":1.0,\"1451609100000\":1.0,\"1451610000000\":0.9473166896,\"1451610900000\":0.9473166896,\"1451611800000\":0.9473166896,\"1451612700000\":0.9473166896,\"1451613600000\":0.8783172793,\"1451614500000\":0.8783172793,\"1451615400000\":0.8783172793,\"1451616300000\":0.8783172793}}",
  "csv": null,
  "ls": 1,
  "ps": 1,
  "pm": {}
}