{
  "id": "residential_2",
  "df": "{\"load\":{\"1451606400000\":0.0542322728,\"1451607300000\":0.0330300056,\"1451608200000\":0.0142862987,\"1451609100000\":0.0141467792,\"1451610000000\":0.0142478748,\"1451610900000\":0.0142467893,\"1451611800000\":0.0258862074,\"1451612700000\":0.0275837814,\"1451613600000\":0.0143721215,\"1451614500000\":0.0142922358,\"1451615400000\":0.0309747101,\"1451616300000\":0.0174783233},\"pv\":{\"1451606400000\":0,\"1451607300000\":0,\"1451608200000\":0,\"1451609100000\":0,\"1451610000000\":0,\"1451610900000\":0,\"1451611800000\":0,\"1451612700000\":0,\"1451613600000\":0,\"1451614500000\":0,\"1451615400000\":0,\"1451616300000\":0},\"schedule\":{\"1451606400000\":-0.0542322728,\"1451607300000\":-0.0330300056,\"1451608200000\":-0.0142862987,\"1451609100000\":-0.0141467792,\"1451610000000\":-0.0142478748,\"1451610900000\":-0.0142467893,\"1451611800000\":-0.0258862074,\"1451612700000\":-0.0275837814,\"1451613600000\":-0.0143721215,\"1451614500000\":-0.0142922358,\"1451615400000\":-0.0309747101,\"1451616300000\":-0.0174783233},\"price\":{\"1451606400000\":1.0,\"1451607300000\":1.0,\"1451608200000\":1.0,\"1451609100000\":1.0,\"1451610000000\":0.9473166896,\"1451610900000\":0.9473166896,\"1451611800000\":0.9473166896,\"1451612700000\":0.9473166896,\"1451613600000\":0.8783172793,\"1451614500000\":0.8783172793,\"1451615400000\":0.8783172793,\"1451616300000\":0.8783172793}}",
  "csv": null,
  "ls": 1,
  "ps": 1,
  "pm": {}
}