{
  "id": "industrial_1",
  "df": "{\"load\":{\"1451606400000\":0.0128814635,\"1451607300000\":0.0246706998,\"1451608200000\":0.0453436534,\"1451609100000\":0.0351658878,\"1451610000000\":0.0352977062,\"1451610900000\":0.0460970213,\"1451611800000\":0.0193660586,\"1451612700000\":0.0127740549,\"1451613600000\":0.0197537484,\"1451614500000\":0.0146040299,\"1451615400000\":0.0128039948,\"1451616300000\":0.0152574169},\"pv\":{\"1451606400000\":0,\"1451607300000\":0,\"1451608200000\":0,\"1451609100000\":0,\"1451610000000\":0,\"1451610900000\":0,\"1451611800000\":0,\"1451612700000\":0,\"1451613600000\":0,\"1451614500000\":0,\"1451615400000\":0,\"1451616300000\":0},\"schedule\":{\"1451606400000\":-0.0128814635,\"1451607300000\":-0.0246706998,\"1451608200000\":-0.0453436534,\"1451609100000\":-0.0351658878,\"1451610000000\":-0.0352977062,\"1451610900000\":-0.0460970213,\"1451611800000\":-0.0193660586,\"1451612700000\":-0.0127740549,\"1451613600000\":-0.0197537484,\"1451614500000\":-0.0146040299,\"1451615400000\":-0.0128039948,\"1451616300000\":-0.0152574169},\"price\":{\"1451606400000\":1.0,\"1451607300000\":1.0,\"1451608200000\":1.0,\"1451609100000\":1.0,\"1451610000000\":0.9473166896,\"1451610900000\":0.9473166896,\"1451611800000\":0.9473166896,\"1451612700000\":0.9473166896,\"1451613600000\":0.8783172793,\"1451614500000\":0.8783172793,\"1451615400000\":0.8783172793,\"1451616300000\":0.8783172793}}",
  "csv": null,
  "ls": 1,
  "ps": 1,
  "pm": {}
}