{
  "id": "market_maker_sell",
  "df": "{\"load\":{\"1451606400000\":9.223372037e+18,\"1451607300000\":9.223372037e+18,\"1451608200000\":9.223372037e+18,\"1451609100000\":9.223372037e+18,\"1451610000000\":9.223372037e+18,\"1451610900000\":9.223372037e+18,\"1451611800000\":9.223372037e+18,\"1451612700000\":9.223372037e+18,\"1451613600000\":9.223372037e+18,\"1451614500000\":9.223372037e+18,\"1451615400000\":9.223372037e+18,\"1451616300000\":9.223372037e+18},\"pv\":{\"1451606400000\":0,\"1451607300000\":0,\"1451608200000\":0,\"1451609100000\":0,\"1451610000000\":0,\"1451610900000\":0,\"1451611800000\":0,\"1451612700000\":0,\"1451613600000\":0,\"1451614500000\":0,\"1451615400000\":0,\"1451616300000\":0},\"schedule\":{\"1451606400000\":-9.223372037e+18,\"1451607300000\":-9.223372037e+18,\"1451608200000\":-9.223372037e+18,\"1451609100000\":-9.223372037e+18,\"1451610000000\":-9.223372037e+18,\"1451610900000\":-9.223372037e+18,\"1451611800000\":-9.223372037e+18,\"1451612700000\":-9.223372037e+18,\"1451613600000\":-9.223372037e+18,\"1451614500000\":-9.223372037e+18,\"1451615400000\":-9.223372037e+18,\"1451616300000\":-9.223372037e+18},\"price\":{\"1451606400000\":1.0,\"1451607300000\":1.0,\"1451608200000\":1.0,\"1451609100000\":1.0,\"1451610000000\":0.9473166896,\"1451610900000\":0.9473166896,\"1451611800000\":0.9473166896,\"1451612700000\":0.9473166896,\"1451613600000\":0.8783172793,\"1451614500000\":0.8783172793,\"1451615400000\":0.8783172793,\"1451616300000\":0.8783172793}}",
  "csv": null,
  "ls": 1,
  "ps": 1,
  "pm": {}
}