{
  "id": "residential_1",
  "df": "{\"load\":{\"1451606400000\":0.0118862463,\"1451607300000\":0.0410388448,\"1451608200000\":0.040677159,\"1451609100000\":0.0405878698,\"1451610000000\":0.0408237819,\"1451610900000\":0.0407177272,\"1451611800000\":0.0155266774,\"1451612700000\":0.0163007931,\"1451613600000\":0.0322130119,\"1451614500000\":0.009129726,\"1451615400000\":0.0193711826,\"1451616300000\":0.0288518089},\"pv\":{\"1451606400000\":0.0080596612,\"1451607300000\":0.0282875894,\"1451608200000\":0.0292443951,\"1451609100000\":0.0406647189,\"1451610000000\":0.1193222697,\"1451610900000\":0.1211953492,\"1451611800000\":0.2414194362,\"1451612700000\":0.1444508148,\"1451613600000\":0.3890092642,\"1451614500000\":0.3924026306,\"1451615400000\":0.514491091,\"1451616300000\":1.0},\"schedule\":{\"1451606400000\":-0.0038265851,\"1451607300000\":-0.0127512554,\"1451608200000\":-0.0114327639,\"1451609100000\":0.0000768491,\"1451610000000\":0.0784984879,\"1451610900000\":0.080477622,\"1451611800000\":0.2258927588,\"1451612700000\":0.1281500217,\"1451613600000\":0.3567962523,\"1451614500000\":0.3832729046,\"1451615400000\":0.4951199084,\"1451616300000\":0.9711481911},\"price\":{\"1451606400000\":1.0,\"1451607300000\":1.0,\"1451608200000\":1.0,\"1451609100000\":1.0,\"1451610000000\":0.9473166896,\"1451610900000\":0.9473166896,\"1451611800000\":0.9473166896,\"1451612700000\":0.9473166896,\"1451613600000\":0.8783172793,\"1451614500000\":0.8783172793,\"1451615400000\":0.8783172793,\"1451616300000\":0.8783172793}}",
  "csv": null,
  "ls": 1,
  "ps": 1,
  "pm": {}
}