{
  "id": "industrial_1",
  "df": "{\"load\":{\"1451606400000\":0.0128814635,\"1451607300000\":0.0246706998,\"1451608200000\":0.0453436534},\"pv\":{\"1451606400000\":0,\"1451607300000\":0,\"1451608200000\":0},\"schedule\":{\"1451606400000\":-0.0128814635,\"1451607300000\":-0.0246706998,\"1451608200000\":-0.0453436534},\"price\":{\"1451606400000\":1.0,\"1451607300000\":1.0,\"1451608200000\":1.0}}",
  "csv": null,
  "ls": 1,
  "ps": 1,
  "pm": {}
}