{
  "id": "market_maker_buy",
  "df": "{\"load\":{\"1451606400000\":-9.223372037e+18,\"1451607300000\":-9.223372037e+18,\"1451608200000\":-9.223372037e+18},\"pv\":{\"1451606400000\":0,\"1451607300000\":0,\"1451608200000\":0},\"schedule\":{\"1451606400000\":9.223372037e+18,\"1451607300000\":9.223372037e+18,\"1451608200000\":9.223372037e+18},\"price\":{\"1451606400000\":1.0,\"1451607300000\":1.0,\"1451608200000\":1.0}}",
  "csv": null,
  "ls": 1,
  "ps": 1,
  "pm": {}
}