{
  "id": "residential_3",
  "df": "{\"load\":{\"1451606400000\":0.0225599112,\"1451607300000\":0.0355993652,\"1451608200000\":0.0539677661},\"pv\":{\"1451606400000\":0,\"1451607300000\":0,\"1451608200000\":0},\"schedule\":{\"1451606400000\":-0.0225599112,\"1451607300000\":-0.0355993652,\"1451608200000\":-0.0539677661},\"price\":{\"1451606400000\":1.0,\"1451607300000\":1.0,\"1451608200000\":1.0}}",
  "csv": null,
  "ls": 1,
  "ps": 1,
  "pm": {}
}