{
  "id": "residential_1",
  "df": "{\"load\":{\"1451606400000\":0.0118862463,\"1451607300000\":0.0410388448,\"1451608200000\":0.040677159},\"pv\":{\"1451606400000\":0.2755967838,\"1451607300000\":0.9672824246,\"1451608200000\":1.0},\"schedule\":{\"1451606400000\":0.2637105375,\"1451607300000\":0.9262435798,\"1451608200000\":0.959322841},\"price\":{\"1451606400000\":1.0,\"1451607300000\":1.0,\"1451608200000\":1.0}}",
  "csv": null,
  "ls": 1,
  "ps": 1,
  "pm": {}
}