{
  "id": "residential_2",
  "df": "{\"load\":{\"1451606400000\":0.0542322728,\"1451607300000\":0.0330300056,\"1451608200000\":0.0142862987},\"pv\":{\"1451606400000\":0,\"1451607300000\":0,\"1451608200000\":0},\"schedule\":{\"1451606400000\":-0.0542322728,\"1451607300000\":-0.0330300056,\"1451608200000\":-0.0142862987},\"price\":{\"1451606400000\":1.0,\"1451607300000\":1.0,\"1451608200000\":1.0}}",
  "csv": null,
  "ls": 1,
  "ps": 1,
  "pm": {}
}