{
  "id": "H2",
  "df": "{\"load\":{\"1609459200000\":0.7267322063,\"1609462800000\":0.0279020222,\"1609466400000\":0.3933489034,\"1609470000000\":0.7493660718,\"1609473600000\":0.3119676837,\"1609477200000\":0.3979526005,\"1609480800000\":0.6370165749,\"1609484400000\":0.7746657794,\"1609488000000\":0.0058091683,\"1609491600000\":0.1478205372,\"1609495200000\":0.6145844625,\"1609498800000\":0.5459682559,\"1609502400000\":0.7329375981,\"1609506000000\":0.7461430479,\"1609509600000\":0.7697776801,\"1609513200000\":0.6379718479,\"1609516800000\":0.6321753435,\"1609520400000\":0.7545914826,\"1609524000000\":0.3737390987,\"1609527600000\":0.2155465935,\"1609531200000\":0.1236829443,\"1609534800000\":0.4204565191,\"1609538400000\":0.5306824537,\"1609542000000\":0.1692063806,\"1609545600000\":0.4913067431,\"1609549200000\":0.0267711146,\"1609552800000\":0.6322964029,\"1609556400000\":0.3105933234,\"1609560000000\":0.491878827,\"1609563600000\":0.8116418773,\"1609567200000\":0.5869893228,\"1609570800000\":0.2668619737,\"1609574400000\":0.5881514938,\"1609578000000\":0.0856101924,\"1609581600000\":0.017125388,\"1609585200000\":0.0609241836,\"1609588800000\":0.5015816974,\"1609592400000\":0.5209571495,\"1609596000000\":0.0995487147,\"1609599600000\":0.0265984869,\"1609603200000\":0.5217727983,\"1609606800000\":0.7163384403,\"1609610400000\":0.2339639009,\"1609614000000\":0.1912986371,\"1609617600000\":0.4621651052,\"1609621200000\":0.7643683131,\"1609624800000\":0.4159259873,\"1609628400000\":0.428442391,\"1609632000000\":0.6367691657,\"1609635600000\":0.5671886906,\"1609639200000\":0.5344023746,\"1609642800000\":0.1424076906,\"1609646400000\":0.0155054369,\"1609650000000\":0.5990147564,\"1609653600000\":0.4352273245,\"1609657200000\":0.1332814245,\"1609660800000\":0.0237602162,\"1609664400000\":0.0990703988,\"1609668000000\":0.5197634304,\"1609671600000\":0.5668787266,\"1609675200000\":0.0154100034,\"1609678800000\":0.1617603945,\"1609682400000\":0.7184755038,\"1609686000000\":0.6454839216,\"1609689600000\":0.4559597661,\"1609693200000\":0.2226813758,\"1609696800000\":0.8217187406,\"1609700400000\":0.0338049061,\"1609704000000\":0.4908493091,\"1609707600000\":0.5690333776,\"1609711200000\":0.6872287427,\"1609714800000\":0.2589543363,\"1609718400000\":0.8176249512,\"1609722000000\":0.5207873817,\"1609725600000\":0.3419233805,\"1609729200000\":0.091008457,\"1609732800000\":0.51690562,\"1609736400000\":0.264338971,\"1609740000000\":0.7298242673,\"1609743600000\":0.7608260208,\"1609747200000\":0.2159023229,\"1609750800000\":0.7583414432,\"1609754400000\":0.7960617553,\"1609758000000\":0.3989987107,\"1609761600000\":0.4615897569,\"1609765200000\":0.1667611402,\"1609768800000\":0.4102470341,\"1609772400000\":0.0743123179,\"1609776000000\":0.2087824025,\"1609779600000\":0.1056570367,\"1609783200000\":0.7556859774,\"1609786800000\":0.4349965762,\"1609790400000\":0.0892412106,\"1609794000000\":0.6564153972,\"1609797600000\":0.7348569164,\"1609801200000\":0.0017875393,\"1609804800000\":0.5022569401,\"1609808400000\":0.4201654999,\"1609812000000\":0.1489518454,\"1609815600000\":0.6584184985},\"pv\":{\"1609459200000\":0.0,\"1609462800000\":0.0,\"1609466400000\":0.0,\"1609470000000\":0.0,\"1609473600000\":0.0,\"1609477200000\":0.0,\"1609480800000\":0.0,\"1609484400000\":0.0,\"1609488000000\":0.0,\"1609491600000\":0.0,\"1609495200000\":0.0,\"1609498800000\":0.0,\"1609502400000\":0.0,\"1609506000000\":0.0,\"1609509600000\":0.0,\"1609513200000\":0.0,\"1609516800000\":0.0,\"1609520400000\":0.0,\"1609524000000\":0.0,\"1609527600000\":0.0,\"1609531200000\":0.0,\"1609534800000\":0.0,\"1609538400000\":0.0,\"1609542000000\":0.0,\"1609545600000\":0.0,\"1609549200000\":0.0,\"1609552800000\":0.0,\"1609556400000\":0.0,\"1609560000000\":0.0,\"1609563600000\":0.0,\"1609567200000\":0.0,\"1609570800000\":0.0,\"1609574400000\":0.0,\"1609578000000\":0.0,\"1609581600000\":0.0,\"1609585200000\":0.0,\"1609588800000\":0.0,\"1609592400000\":0.0,\"1609596000000\":0.0,\"1609599600000\":0.0,\"1609603200000\":0.0,\"1609606800000\":0.0,\"1609610400000\":0.0,\"1609614000000\":0.0,\"1609617600000\":0.0,\"1609621200000\":0.0,\"1609624800000\":0.0,\"1609628400000\":0.0,\"1609632000000\":0.0,\"1609635600000\":0.0,\"1609639200000\":0.0,\"1609642800000\":0.0,\"1609646400000\":0.0,\"1609650000000\":0.0,\"1609653600000\":0.0,\"1609657200000\":0.0,\"1609660800000\":0.0,\"1609664400000\":0.0,\"1609668000000\":0.0,\"1609671600000\":0.0,\"1609675200000\":0.0,\"1609678800000\":0.0,\"1609682400000\":0.0,\"1609686000000\":0.0,\"1609689600000\":0.0,\"1609693200000\":0.0,\"1609696800000\":0.0,\"1609700400000\":0.0,\"1609704000000\":0.0,\"1609707600000\":0.0,\"1609711200000\":0.0,\"1609714800000\":0.0,\"1609718400000\":0.0,\"1609722000000\":0.0,\"1609725600000\":0.0,\"1609729200000\":0.0,\"1609732800000\":0.0,\"1609736400000\":0.0,\"1609740000000\":0.0,\"1609743600000\":0.0,\"1609747200000\":0.0,\"1609750800000\":0.0,\"1609754400000\":0.0,\"1609758000000\":0.0,\"1609761600000\":0.0,\"1609765200000\":0.0,\"1609768800000\":0.0,\"1609772400000\":0.0,\"1609776000000\":0.0,\"1609779600000\":0.0,\"1609783200000\":0.0,\"1609786800000\":0.0,\"1609790400000\":0.0,\"1609794000000\":0.0,\"1609797600000\":0.0,\"1609801200000\":0.0,\"1609804800000\":0.0,\"1609808400000\":0.0,\"1609812000000\":0.0,\"1609815600000\":0.0},\"schedule\":{\"1609459200000\":-0.7267322063,\"1609462800000\":-0.0279020222,\"1609466400000\":-0.3933489034,\"1609470000000\":-0.7493660718,\"1609473600000\":-0.3119676837,\"1609477200000\":-0.3979526005,\"1609480800000\":-0.6370165749,\"1609484400000\":-0.7746657794,\"1609488000000\":-0.0058091683,\"1609491600000\":-0.1478205372,\"1609495200000\":-0.6145844625,\"1609498800000\":-0.5459682559,\"1609502400000\":-0.7329375981,\"1609506000000\":-0.7461430479,\"1609509600000\":-0.7697776801,\"1609513200000\":-0.6379718479,\"1609516800000\":-0.6321753435,\"1609520400000\":-0.7545914826,\"1609524000000\":-0.3737390987,\"1609527600000\":-0.2155465935,\"1609531200000\":-0.1236829443,\"1609534800000\":-0.4204565191,\"1609538400000\":-0.5306824537,\"1609542000000\":-0.1692063806,\"1609545600000\":-0.4913067431,\"1609549200000\":-0.0267711146,\"1609552800000\":-0.6322964029,\"1609556400000\":-0.3105933234,\"1609560000000\":-0.491878827,\"1609563600000\":-0.8116418773,\"1609567200000\":-0.5869893228,\"1609570800000\":-0.2668619737,\"1609574400000\":-0.5881514938,\"1609578000000\":-0.0856101924,\"1609581600000\":-0.017125388,\"1609585200000\":-0.0609241836,\"1609588800000\":-0.5015816974,\"1609592400000\":-0.5209571495,\"1609596000000\":-0.0995487147,\"1609599600000\":-0.0265984869,\"1609603200000\":-0.5217727983,\"1609606800000\":-0.7163384403,\"1609610400000\":-0.2339639009,\"1609614000000\":-0.1912986371,\"1609617600000\":-0.4621651052,\"1609621200000\":-0.7643683131,\"1609624800000\":-0.4159259873,\"1609628400000\":-0.428442391,\"1609632000000\":-0.6367691657,\"1609635600000\":-0.5671886906,\"1609639200000\":-0.5344023746,\"1609642800000\":-0.1424076906,\"1609646400000\":-0.0155054369,\"1609650000000\":-0.5990147564,\"1609653600000\":-0.4352273245,\"1609657200000\":-0.1332814245,\"1609660800000\":-0.0237602162,\"1609664400000\":-0.0990703988,\"1609668000000\":-0.5197634304,\"1609671600000\":-0.5668787266,\"1609675200000\":-0.0154100034,\"1609678800000\":-0.1617603945,\"1609682400000\":-0.7184755038,\"1609686000000\":-0.6454839216,\"1609689600000\":-0.4559597661,\"1609693200000\":-0.2226813758,\"1609696800000\":-0.8217187406,\"1609700400000\":-0.0338049061,\"1609704000000\":-0.4908493091,\"1609707600000\":-0.5690333776,\"1609711200000\":-0.6872287427,\"1609714800000\":-0.2589543363,\"1609718400000\":-0.8176249512,\"1609722000000\":-0.5207873817,\"1609725600000\":-0.3419233805,\"1609729200000\":-0.091008457,\"1609732800000\":-0.51690562,\"1609736400000\":-0.264338971,\"1609740000000\":-0.7298242673,\"1609743600000\":-0.7608260208,\"1609747200000\":-0.2159023229,\"1609750800000\":-0.7583414432,