{
  "id": "H1",
  "df": "{\"load\":{\"1609459200000\":0.5719376685,\"1609462800000\":0.6584138481,\"1609466400000\":0.767520204,\"1609470000000\":0.4107276199,\"1609473600000\":0.424393518,\"1609477200000\":0.82071423,\"1609480800000\":0.3544016178,\"1609484400000\":0.5900411826,\"1609488000000\":0.3945077353,\"1609491600000\":0.2003256821,\"1609495200000\":0.3363534487,\"1609498800000\":0.6450552362,\"1609502400000\":0.4404839228,\"1609506000000\":0.4991221712,\"1609509600000\":0.7116701748,\"1609513200000\":0.1277108513,\"1609516800000\":0.1546105284,\"1609520400000\":0.8265885035,\"1609524000000\":0.8092048743,\"1609527600000\":0.4313207931,\"1609531200000\":0.2856171492,\"1609534800000\":0.8262335832,\"1609538400000\":0.6335791856,\"1609542000000\":0.7246678971,\"1609545600000\":0.8546563103,\"1609549200000\":0.1737643359,\"1609552800000\":0.2408471806,\"1609556400000\":0.6924589691,\"1609560000000\":0.3352367559,\"1609563600000\":0.0306492569,\"1609567200000\":0.0354754984,\"1609570800000\":0.8082859036,\"1609574400000\":0.7512196623,\"1609578000000\":0.0612103297,\"1609581600000\":0.6809302151,\"1609585200000\":0.2197885453,\"1609588800000\":0.0204100426,\"1609592400000\":0.2846626077,\"1609596000000\":0.6956462274,\"1609599600000\":0.7618715654,\"1609603200000\":0.7867299834,\"1609606800000\":0.6887082536,\"1609610400000\":0.2083020169,\"1609614000000\":0.3111716662,\"1609617600000\":0.8929259468,\"1609621200000\":0.5398396667,\"1609624800000\":0.6166287996,\"1609628400000\":0.4553825067,\"1609632000000\":0.2505427601,\"1609635600000\":0.1632338315,\"1609639200000\":0.762096774,\"1609642800000\":0.5548921758,\"1609646400000\":0.8745437476,\"1609650000000\":0.139875869,\"1609653600000\":0.5307682154,\"1609657200000\":0.0288903418,\"1609660800000\":0.8017829956,\"1609664400000\":0.7854226863,\"1609668000000\":0.2607645192,\"1609671600000\":0.8167023137,\"1609675200000\":0.771216858,\"1609678800000\":0.8876702626,\"1609682400000\":0.0774535969,\"1609686000000\":0.2087482575,\"1609689600000\":0.1524354393,\"1609693200000\":0.8807701049,\"1609696800000\":0.2969271953,\"1609700400000\":0.2334097867,\"1609704000000\":0.191584627,\"1609707600000\":0.7869353727,\"1609711200000\":0.2752352457,\"1609714800000\":0.5285004745,\"1609718400000\":0.2490430837,\"1609722000000\":0.2789156942,\"1609725600000\":0.4172233634,\"1609729200000\":0.7072009017,\"1609732800000\":0.7645913864,\"1609736400000\":0.1776231437,\"1609740000000\":0.4397480939,\"1609743600000\":0.3702374191,\"1609747200000\":0.114675799,\"1609750800000\":0.5166947304,\"1609754400000\":0.2091677719,\"1609758000000\":0.1285290638,\"1609761600000\":0.1990501386,\"1609765200000\":0.8437853127,\"1609768800000\":0.3408803796,\"1609772400000\":0.5067359282,\"1609776000000\":0.6122903022,\"1609779600000\":0.2272263958,\"1609783200000\":0.7213490533,\"1609786800000\":0.4171252266,\"1609790400000\":0.8379750461,\"1609794000000\":0.2167398276,\"1609797600000\":0.6922080621,\"1609801200000\":0.5432548313,\"1609804800000\":0.7531649222,\"1609808400000\":0.3098122138,\"1609812000000\":0.4640236108,\"1609815600000\":0.5016166017},\"pv\":{\"1609459200000\":0.0004273734,\"1609462800000\":0.0012579739,\"1609466400000\":0.0038197428,\"1609470000000\":0.004291282,\"1609473600000\":0.0046614398,\"1609477200000\":0.0292231957,\"1609480800000\":0.1607987387,\"1609484400000\":0.0402750543,\"1609488000000\":0.8792850824,\"1609491600000\":0.4443194412,\"1609495200000\":0.7495619133,\"1609498800000\":0.0152407412,\"1609502400000\":0.0096824949,\"1609506000000\":0.1073120293,\"1609509600000\":0.9529136552,\"1609513200000\":0.5918062549,\"1609516800000\":0.105965751,\"1609520400000\":0.2251924276,\"1609524000000\":0.0831294788,\"1609527600000\":0.0441143199,\"1609531200000\":0.0056494488,\"1609534800000\":0.0039926999,\"1609538400000\":0.0008989918,\"1609542000000\":0.0001687731,\"1609545600000\":0.0003949418,\"1609549200000\":0.0016313441,\"1609552800000\":0.00521249,\"1609556400000\":0.0043914094,\"1609560000000\":0.0266230271,\"1609563600000\":0.1262705635,\"1609567200000\":0.1979253334,\"1609570800000\":0.1767899953,\"1609574400000\":0.7449818679,\"1609578000000\":0.1203178716,\"1609581600000\":1.3024455637,\"1609585200000\":0.0735293997,\"1609588800000\":0.6567887279,\"1609592400000\":1.0565039839,\"1609596000000\":0.7906560438,\"1609599600000\":0.5462793678,\"1609603200000\":0.3189901473,\"1609606800000\":0.1312761361,\"1609610400000\":0.0857211584,\"1609614000000\":0.0324933367,\"1609617600000\":0.0151940286,\"1609621200000\":0.0004200739,\"1609624800000\":0.0008762676,\"1609628400000\":0.0004287712,\"1609632000000\":0.0000969437,\"1609635600000\":0.0016559988,\"1609639200000\":0.0013364792,\"1609642800000\":0.0163667398,\"1609646400000\":0.0330018242,\"1609650000000\":0.0822390901,\"1609653600000\":0.1759594352,\"1609657200000\":0.2300755507,\"1609660800000\":0.778527442,\"1609664400000\":1.1232110575,\"1609668000000\":1.2959471966,\"1609671600000\":1.1345901173,\"1609675200000\":0.1136977546,\"1609678800000\":1.319090293,\"1609682400000\":0.4887830813,\"1609686000000\":0.4136444765,\"1609689600000\":0.0800417987,\"1609693200000\":0.1305182918,\"1609696800000\":0.0429980881,\"1609700400000\":0.0218798887,\"1609704000000\":0.0189255725,\"1609707600000\":0.0012199162,\"1609711200000\":0.0013231482,\"1609714800000\":0.000313725,\"1609718400000\":0.0003027561,\"1609722000000\":0.0019313384,\"1609725600000\":0.0057088584,\"1609729200000\":0.0201696021,\"1609732800000\":0.0609284474,\"1609736400000\":0.0702876154,\"1609740000000\":0.2487931087,\"1609743600000\":0.1783891878,\"1609747200000\":0.1731964928,\"1609750800000\":0.7343383765,\"1609754400000\":0.8923313539,\"1609758000000\":1.040282865,\"1609761600000\":0.3331766223,\"1609765200000\":1.5660483807,\"1609768800000\":1.0112045338,\"1609772400000\":0.7452018727,\"1609776000000\":0.1198403689,\"1609779600000\":0.0781337972,\"1609783200000\":0.0900983394,\"1609786800000\":0.0216273965,\"1609790400000\":0.0009371071,\"1609794000000\":0.0071532148,\"1609797600000\":0.0003628204,\"1609801200000\":0.000620338,\"1609804800000\":0.0001059437,\"1609808400000\":0.0011990841,\"1609812000000\":0.0039471554,\"1609815600000\":0.010250357},\"schedule\":{\"1609459200000\":-0.5715102951,\"1609462800000\":-0.6571558742,\"1609466400000\":-0.7637004613,\"1609470000000\":-0.4064363379,\"1609473600000\":-0.4197320782,\"1609477200000\":-0.7914910343,\"1609480800000\":-0.1936028791,\"1609484400000\":-0.5497661283,\"1609488000000\":0.4847773472,\"1609491600000\":0.2439937591,\"1609495200000\":0.4132084645,\"1609498800000\":-0.629814495,\"1609502400000\":-0.4308014279,\"1609506000000\":-0.3918101419,\"1609509600000\":0.2412434805,\"1609513200000\":0.4640954035,\"1609516800000\":-0.0486447774,\"1609520400000\":-0.6013960759,\"1609524000000\":-0.7260753955,\"1609527600000\":-0.3872064732,\"1609531200000\":-0.2799677004,\"1609534800000\":-0.8222408833,\"1609538400000\":-0.6326801938,\"1609542000000\":-0.724499124,\"1609545600000\":-0.8542613685,\"1609549200000\":-0.1721329919,\"1609552800000\":-0.2356346906,\"1609556400000\":-0.6880675597,\"1609560000000\":-0.3086137288,\"1609563600000\":0.0956213066,\"1609567200000\":0.1624498349,\"1609570800000\":-0.6314959083,\"1609574400000\":-0.0062377944,\"1609578000000\":0.0591075419,\"1609581600000\":0.6215153486,\"1609585200000\":-0.1462591456,\"1609588800000\":0.6363786852,\"1609592400000\":0.7718413761,\"1609596000000\":0.0950098163,\"1609599600000\":-0.2155921976,\"1609603200000\":-0.4677398362,\"1609606800000\":-0.5574321175,\"1609610400000\":-0.1225808586,\"1609614000000\":-0.2786783295,\"1609617600000\":-0.8777319182,\"1609621200000\":-0.5394195927,\"1609624800000\":-0.615752532,\"1609628400000\":-0.4549537355,\"1609632000000\":-0.2504458164,\"1609635600000\":-0.1615778328,\"1609639200000\":-0.7607602948,\"1609642800000\":-0.538525436,\"1609646400000\":-0.8415419234,\"1609650000000\":-0.0576367789,\"1609653600000\":-0.3548087802,