{
  "id": "H3",
  "df": "{\"load\":{\"1609459200000\":0.2172714307,\"1609462800000\":0.0687066924,\"1609466400000\":0.5949549948,\"1609470000000\":0.1948424064,\"1609473600000\":0.3783269493,\"1609477200000\":0.0688829254,\"1609480800000\":0.077450339,\"1609484400000\":0.0306094432,\"1609488000000\":0.6101670046,\"1609491600000\":0.1950386501,\"1609495200000\":0.6416837969,\"1609498800000\":0.2693203784,\"1609502400000\":0.3481351514,\"1609506000000\":0.5274686616,\"1609509600000\":0.2688638711,\"1609513200000\":0.3599406292,\"1609516800000\":0.1272877949,\"1609520400000\":0.2653237529,\"1609524000000\":0.4917486118,\"1609527600000\":0.0920417241,\"1609531200000\":0.6105312464,\"1609534800000\":0.2350191436,\"1609538400000\":0.6323581995,\"1609542000000\":0.136899523,\"1609545600000\":0.1444934362,\"1609549200000\":0.2917330389,\"1609552800000\":0.375797221,\"1609556400000\":0.1409286208,\"1609560000000\":0.6522683819,\"1609563600000\":0.5549045092,\"1609567200000\":0.2839605539,\"1609570800000\":0.3091866983,\"1609574400000\":0.3870171658,\"1609578000000\":0.4630101538,\"1609581600000\":0.1344462088,\"1609585200000\":0.5750183148,\"1609588800000\":0.312749449,\"1609592400000\":0.2887780628,\"1609596000000\":0.5248477057,\"1609599600000\":0.6276314164,\"1609603200000\":0.6360173944,\"1609606800000\":0.1211553484,\"1609610400000\":0.0632472127,\"1609614000000\":0.4351474125,\"1609617600000\":0.6178252815,\"1609621200000\":0.1873718031,\"1609624800000\":0.4460493938,\"1609628400000\":0.4558945916,\"1609632000000\":0.1163406328,\"1609635600000\":0.4971593922,\"1609639200000\":0.5100387711,\"1609642800000\":0.1086911956,\"1609646400000\":0.296728207,\"1609650000000\":0.2964191622,\"1609653600000\":0.3665283373,\"1609657200000\":0.1200272929,\"1609660800000\":0.031454297,\"1609664400000\":0.5226132227,\"1609668000000\":0.3170371244,\"1609671600000\":0.2849986723,\"1609675200000\":0.1977707076,\"1609678800000\":0.6302241149,\"1609682400000\":0.4747383499,\"1609686000000\":0.4705945815,\"1609689600000\":0.5384152245,\"1609693200000\":0.2684325265,\"1609696800000\":0.2307979989,\"1609700400000\":0.648146134,\"1609704000000\":0.5101961586,\"1609707600000\":0.0775284666,\"1609711200000\":0.5846787693,\"1609714800000\":0.3246542698,\"1609718400000\":0.458328201,\"1609722000000\":0.5597742133,\"1609725600000\":0.2387989544,\"1609729200000\":0.3778237052,\"1609732800000\":0.5615949806,\"1609736400000\":0.084647947,\"1609740000000\":0.6162817591,\"1609743600000\":0.4112752445,\"1609747200000\":0.4657323787,\"1609750800000\":0.6239769946,\"1609754400000\":0.0563895065,\"1609758000000\":0.3450646635,\"1609761600000\":0.3845704319,\"1609765200000\":0.2955315916,\"1609768800000\":0.2461218838,\"1609772400000\":0.3375406149,\"1609776000000\":0.538347424,\"1609779600000\":0.5483514528,\"1609783200000\":0.0434819719,\"1609786800000\":0.3380207032,\"1609790400000\":0.4000381399,\"1609794000000\":0.5534191785,\"1609797600000\":0.1330455651,\"1609801200000\":0.0699118485,\"1609804800000\":0.471034914,\"1609808400000\":0.4929521467,\"1609812000000\":0.3792194328,\"1609815600000\":0.1372687989},\"pv\":{\"1609459200000\":0.0,\"1609462800000\":0.0,\"1609466400000\":0.0,\"1609470000000\":0.0,\"1609473600000\":0.0,\"1609477200000\":0.0,\"1609480800000\":0.0,\"1609484400000\":0.0,\"1609488000000\":0.0,\"1609491600000\":0.0,\"1609495200000\":0.0,\"1609498800000\":0.0,\"1609502400000\":0.0,\"1609506000000\":0.0,\"1609509600000\":0.0,\"1609513200000\":0.0,\"1609516800000\":0.0,\"1609520400000\":0.0,\"1609524000000\":0.0,\"1609527600000\":0.0,\"1609531200000\":0.0,\"1609534800000\":0.0,\"1609538400000\":0.0,\"1609542000000\":0.0,\"1609545600000\":0.0,\"1609549200000\":0.0,\"1609552800000\":0.0,\"1609556400000\":0.0,\"1609560000000\":0.0,\"1609563600000\":0.0,\"1609567200000\":0.0,\"1609570800000\":0.0,\"1609574400000\":0.0,\"1609578000000\":0.0,\"1609581600000\":0.0,\"1609585200000\":0.0,\"1609588800000\":0.0,\"1609592400000\":0.0,\"1609596000000\":0.0,\"1609599600000\":0.0,\"1609603200000\":0.0,\"1609606800000\":0.0,\"1609610400000\":0.0,\"1609614000000\":0.0,\"1609617600000\":0.0,\"1609621200000\":0.0,\"1609624800000\":0.0,\"1609628400000\":0.0,\"1609632000000\":0.0,\"1609635600000\":0.0,\"1609639200000\":0.0,\"1609642800000\":0.0,\"1609646400000\":0.0,\"1609650000000\":0.0,\"1609653600000\":0.0,\"1609657200000\":0.0,\"1609660800000\":0.0,\"1609664400000\":0.0,\"1609668000000\":0.0,\"1609671600000\":0.0,\"1609675200000\":0.0,\"1609678800000\":0.0,\"1609682400000\":0.0,\"1609686000000\":0.0,\"1609689600000\":0.0,\"1609693200000\":0.0,\"1609696800000\":0.0,\"1609700400000\":0.0,\"1609704000000\":0.0,\"1609707600000\":0.0,\"1609711200000\":0.0,\"1609714800000\":0.0,\"1609718400000\":0.0,\"1609722000000\":0.0,\"1609725600000\":0.0,\"1609729200000\":0.0,\"1609732800000\":0.0,\"1609736400000\":0.0,\"1609740000000\":0.0,\"1609743600000\":0.0,\"1609747200000\":0.0,\"1609750800000\":0.0,\"1609754400000\":0.0,\"1609758000000\":0.0,\"1609761600000\":0.0,\"1609765200000\":0.0,\"1609768800000\":0.0,\"1609772400000\":0.0,\"1609776000000\":0.0,\"1609779600000\":0.0,\"1609783200000\":0.0,\"1609786800000\":0.0,\"1609790400000\":0.0,\"1609794000000\":0.0,\"1609797600000\":0.0,\"1609801200000\":0.0,\"1609804800000\":0.0,\"1609808400000\":0.0,\"1609812000000\":0.0,\"1609815600000\":0.0},\"schedule\":{\"1609459200000\":-0.2172714307,\"1609462800000\":-0.0687066924,\"1609466400000\":-0.5949549948,\"1609470000000\":-0.1948424064,\"1609473600000\":-0.3783269493,\"1609477200000\":-0.0688829254,\"1609480800000\":-0.077450339,\"1609484400000\":-0.0306094432,\"1609488000000\":-0.6101670046,\"1609491600000\":-0.1950386501,\"1609495200000\":-0.6416837969,\"1609498800000\":-0.2693203784,\"1609502400000\":-0.3481351514,\"1609506000000\":-0.5274686616,\"1609509600000\":-0.2688638711,\"1609513200000\":-0.3599406292,\"1609516800000\":-0.1272877949,\"1609520400000\":-0.2653237529,\"1609524000000\":-0.4917486118,\"1609527600000\":-0.0920417241,\"1609531200000\":-0.6105312464,\"1609534800000\":-0.2350191436,\"1609538400000\":-0.6323581995,\"1609542000000\":-0.136899523,\"1609545600000\":-0.1444934362,\"1609549200000\":-0.2917330389,\"1609552800000\":-0.375797221,\"1609556400000\":-0.1409286208,\"1609560000000\":-0.6522683819,\"1609563600000\":-0.5549045092,\"1609567200000\":-0.2839605539,\"1609570800000\":-0.3091866983,\"1609574400000\":-0.3870171658,\"1609578000000\":-0.4630101538,\"1609581600000\":-0.1344462088,\"1609585200000\":-0.5750183148,\"1609588800000\":-0.312749449,\"1609592400000\":-0.2887780628,\"1609596000000\":-0.5248477057,\"1609599600000\":-0.6276314164,\"1609603200000\":-0.6360173944,\"1609606800000\":-0.1211553484,\"1609610400000\":-0.0632472127,\"1609614000000\":-0.4351474125,\"1609617600000\":-0.6178252815,\"1609621200000\":-0.1873718031,\"1609624800000\":-0.4460493938,\"1609628400000\":-0.4558945916,\"1609632000000\":-0.1163406328,\"1609635600000\":-0.4971593922,\"1609639200000\":-0.5100387711,\"1609642800000\":-0.1086911956,\"1609646400000\":-0.296728207,\"1609650000000\":-0.2964191622,\"1609653600000\":-0.3665283373,\"1609657200000\":-0.1200272929,\"1609660800000\":-0.031454297,\"1609664400000\":-0.5226132227,\"1609668000000\":-0.3170371244,\"1609671600000\":-0.2849986723,\"1609675200000\":-0.1977707076,\"1609678800000\":-0.6302241149,\"1609682400000\":-0.4747383499,\"1609686000000\":-0.4705945815,\"1609689600000\":-0.5384152245,\"1609693200000\":-0.2684325265,\"1609696800000\":-0.2307979989,\"1609700400000\":-0.648146134,\"1609704000000\":-0.5101961586,\"1609707600000\":-0.0775284666,\"1609711200000\":-0.5846787693,\"1609714800000\":-0.3246542698,\"1609718400000\":-0.458328201,\"1609722000000\":-0.5597742133,\"1609725600000\":-0.2387989544,\"1609729200000\":-0.3778237052,\"1609732800000\":-0.5615949806,\"1609736400000\":-0.084647947,\"1609740000000\":-0.6162817591,\"1609743600000\":-0.4112752445,\"1609747200000\":-0.4657323787,\"1609750800000\":-0.6239769946,\"1609754400000\":-0.0563895065,