{
  "id": "H0",
  "df": "{\"load\":{\"1609459200000\":0.6620067622,\"1609462800000\":0.9169239578,\"1609466400000\":0.3518349375,\"1609470000000\":1.1093048534,\"1609473600000\":0.3644020262,\"1609477200000\":0.4130557397,\"1609480800000\":0.6864426519,\"1609484400000\":0.6264882299,\"1609488000000\":0.9871046006,\"1609491600000\":0.5816310001,\"1609495200000\":0.5963281635,\"1609498800000\":0.1781961511,\"1609502400000\":0.1396867116,\"1609506000000\":0.1938366233,\"1609509600000\":0.0995700368,\"1609513200000\":0.5231158323,\"1609516800000\":0.3433270288,\"1609520400000\":0.2780419515,\"1609524000000\":0.0060237903,\"1609527600000\":0.7296471416,\"1609531200000\":0.2993652244,\"1609534800000\":0.6299773682,\"1609538400000\":0.6464136548,\"1609542000000\":0.3111115119,\"1609545600000\":0.3719432759,\"1609549200000\":0.8540629277,\"1609552800000\":0.0128862727,\"1609556400000\":0.9254681309,\"1609560000000\":0.3851114723,\"1609563600000\":0.1871001319,\"1609567200000\":1.0336223418,\"1609570800000\":0.7128212449,\"1609574400000\":0.5635840113,\"1609578000000\":0.0949221692,\"1609581600000\":0.1174107258,\"1609585200000\":0.3083718906,\"1609588800000\":0.5856567936,\"1609592400000\":1.1279952509,\"1609596000000\":0.4117158601,\"1609599600000\":0.1215725902,\"1609603200000\":0.16437662,\"1609606800000\":0.5160624139,\"1609610400000\":1.078365374,\"1609614000000\":0.0461441722,\"1609617600000\":0.972020258,\"1609621200000\":1.0437154327,\"1609624800000\":0.570656428,\"1609628400000\":0.0345038002,\"1609632000000\":0.4784334012,\"1609635600000\":0.8872295288,\"1609639200000\":0.382379301,\"1609642800000\":0.3726306421,\"1609646400000\":0.255562275,\"1609650000000\":0.551983688,\"1609653600000\":0.3269033975,\"1609657200000\":0.6521453543,\"1609660800000\":0.1532129133,\"1609664400000\":0.2519053885,\"1609668000000\":0.6109891343,\"1609671600000\":0.6820165605,\"1609675200000\":1.0059624629,\"1609678800000\":0.4445845728,\"1609682400000\":0.8030731922,\"1609686000000\":0.5892508566,\"1609689600000\":0.7478259107,\"1609693200000\":0.4581161749,\"1609696800000\":0.8303576513,\"1609700400000\":0.4629651632,\"1609704000000\":0.1524966636,\"1609707600000\":1.055195548,\"1609711200000\":1.0284211599,\"1609714800000\":1.0861576307,\"1609718400000\":0.3065678267,\"1609722000000\":0.0360744636,\"1609725600000\":0.2623260127,\"1609729200000\":0.4857358615,\"1609732800000\":0.794352897,\"1609736400000\":1.0792661851,\"1609740000000\":1.0565680252,\"1609743600000\":0.8358536072,\"1609747200000\":1.0698856034,\"1609750800000\":1.0554223983,\"1609754400000\":0.8959632133,\"1609758000000\":0.0727707818,\"1609761600000\":0.6074128074,\"1609765200000\":0.1052545843,\"1609768800000\":1.0176413967,\"1609772400000\":0.4343998545,\"1609776000000\":1.0498649378,\"1609779600000\":0.0213618297,\"1609783200000\":0.3787196143,\"1609786800000\":0.5572393225,\"1609790400000\":0.2255794978,\"1609794000000\":0.2811933896,\"1609797600000\":0.2740204799,\"1609801200000\":0.5133770936,\"1609804800000\":0.9172495288,\"1609808400000\":0.1652035557,\"1609812000000\":0.750915378,\"1609815600000\":0.3284270096},\"pv\":{\"1609459200000\":0.0009369581,\"1609462800000\":0.0055211117,\"1609466400000\":0.0026750121,\"1609470000000\":0.0393786117,\"1609473600000\":0.121443241,\"1609477200000\":0.4467603018,\"1609480800000\":0.6341220544,\"1609484400000\":1.8273659847,\"1609488000000\":0.6481329792,\"1609491600000\":3.5827108284,\"1609495200000\":0.210252662,\"1609498800000\":3.6916256612,\"1609502400000\":6.087483968,\"1609506000000\":3.6742096684,\"1609509600000\":3.86076504,\"1609513200000\":1.1723936165,\"1609516800000\":1.6004708752,\"1609520400000\":0.583714052,\"1609524000000\":0.2765101288,\"1609527600000\":0.178723902,\"1609531200000\":0.0414242897,\"1609534800000\":0.0177555281,\"1609538400000\":0.0005343407,\"1609542000000\":0.0001684845,\"1609545600000\":0.0015240341,\"1609549200000\":0.0051928517,\"1609552800000\":0.0186944794,\"1609556400000\":0.0468618654,\"1609560000000\":0.1000301092,\"1609563600000\":0.4786443407,\"1609567200000\":0.5315112787,\"1609570800000\":0.6309286685,\"1609574400000\":1.7418709275,\"1609578000000\":0.2258746267,\"1609581600000\":4.4740289697,\"1609585200000\":5.413509352,\"1609588800000\":2.3724898808,\"1609592400000\":2.3420873381,\"1609596000000\":3.6003937228,\"1609599600000\":2.5431197919,\"1609603200000\":0.585942483,\"1609606800000\":0.0303716955,\"1609610400000\":0.2529707909,\"1609614000000\":0.0661192441,\"1609617600000\":0.0182087302,\"1609621200000\":0.022885837,\"1609624800000\":0.0037170099,\"1609628400000\":0.0002788369,\"1609632000000\":0.0010940004,\"1609635600000\":0.0061101543,\"1609639200000\":0.0126108044,\"1609642800000\":0.0110224169,\"1609646400000\":0.128490173,\"1609650000000\":0.3437481618,\"1609653600000\":0.0872589563,\"1609657200000\":1.4672131025,\"1609660800000\":0.875520738,\"1609664400000\":3.0997418761,\"1609668000000\":2.5373421891,\"1609671600000\":6.1243773162,\"1609675200000\":2.9059933233,\"1609678800000\":5.2931514775,\"1609682400000\":4.1072975564,\"1609686000000\":0.8071829492,\"1609689600000\":0.5981853644,\"1609693200000\":0.2006950388,\"1609696800000\":0.2012302696,\"1609700400000\":0.1142216911,\"1609704000000\":0.039556306,\"1609707600000\":0.0162370552,\"1609711200000\":0.0051066807,\"1609714800000\":0.0017356364,\"1609718400000\":0.0006042259,\"1609722000000\":0.000609186,\"1609725600000\":0.0214170548,\"1609729200000\":0.0325241253,\"1609732800000\":0.1513132144,\"1609736400000\":0.3986000934,\"1609740000000\":0.8192693421,\"1609743600000\":1.7782787693,\"1609747200000\":1.3313043601,\"1609750800000\":0.3287452535,\"1609754400000\":3.2086987012,\"1609758000000\":2.4992799884,\"1609761600000\":5.6573017149,\"1609765200000\":3.2430889695,\"1609768800000\":4.0069448671,\"1609772400000\":2.2145975414,\"1609776000000\":0.8412295983,\"1609779600000\":0.1017073445,\"1609783200000\":0.3404799555,\"1609786800000\":0.1920317192,\"1609790400000\":0.0245319499,\"1609794000000\":0.008163626,\"1609797600000\":0.0013533198,\"1609801200000\":0.0010723801,\"1609804800000\":0.000094669,\"1609808400000\":0.0023148933,\"1609812000000\":0.0102288618,\"1609815600000\":0.0431535145},\"schedule\":{\"1609459200000\":-0.6610698041,\"1609462800000\":-0.9114028461,\"1609466400000\":-0.3491599254,\"1609470000000\":-1.0699262417,\"1609473600000\":-0.2429587853,\"1609477200000\":0.0337045621,\"1609480800000\":-0.0523205974,\"1609484400000\":1.2008777548,\"1609488000000\":-0.3389716213,\"1609491600000\":3.0010798282,\"1609495200000\":-0.3860755015,\"1609498800000\":3.5134295101,\"1609502400000\":5.9477972564,\"1609506000000\":3.4803730451,\"1609509600000\":3.7611950031,\"1609513200000\":0.6492777842,\"1609516800000\":1.2571438465,\"1609520400000\":0.3056721005,\"1609524000000\":0.2704863386,\"1609527600000\":-0.5509232396,\"1609531200000\":-0.2579409347,\"1609534800000\":-0.6122218401,\"1609538400000\":-0.6458793141,\"1609542000000\":-0.3109430274,\"1609545600000\":-0.3704192418,\"1609549200000\":-0.848870076,\"1609552800000\":0.0058082067,\"1609556400000\":-0.8786062655,\"1609560000000\":-0.2850813631,\"1609563600000\":0.2915442088,\"1609567200000\":-0.5021110631,\"1609570800000\":-0.0818925765,\"1609574400000\":1.1782869162,\"1609578000000\":0.1309524575,\"1609581600000\":4.356618244,\"1609585200000\":5.1051374614,\"1609588800000\":1.7868330872,\"1609592400000\":1.2140920872,\"1609596000000\":3.1886778628,\"1609599600000\":2.4215472017,\"1609603200000\":0.421565863,\"1609606800000\":-0.4856907184,\"1609610400000\":-0.8253945831,\"1609614000000\":0.0199750718,\"1609617600000\":-0.9538115277,\"1609621200000\":-1.0208295957,\"1609624800000\":-0.5669394181,\"1609628400000\":-0.0342249633,\"1609632000000\":-0.4773394007,\"1609635600000\":-0.8811193745,\"1609639200000\":-0.3697684966,\"1609642800000\":-0.3616082252,\"1609646400000\":-0.127072102,\"1609650000000\":-0.2082355262,\"1609653600000\":-0.2396444412,\"1609657200000\":0.8150677483,