{
  "id": "H0",
  "df": "{\"load\":{\"1609459200000\":0.7500364659,\"1609462800000\":1.0425309102,\"1609466400000\":0.4617749968,\"1609470000000\":0.2861152722,\"1609473600000\":0.0671124755,\"1609477200000\":1.1501616854,\"1609480800000\":0.4242713083,\"1609484400000\":0.7221387816,\"1609488000000\":0.9410846611,\"1609491600000\":0.3015478012,\"1609495200000\":0.5452913186,\"1609498800000\":0.1709044176,\"1609502400000\":0.1557888047,\"1609506000000\":0.5808119051,\"1609509600000\":0.9362601291,\"1609513200000\":0.0509337344,\"1609516800000\":0.0579868313,\"1609520400000\":0.9905811215,\"1609524000000\":1.1038709922,\"1609527600000\":0.6607932973,\"1609531200000\":0.0847909278,\"1609534800000\":0.9195872863,\"1609538400000\":0.6050095998,\"1609542000000\":0.5533105942,\"1609545600000\":0.7734053781,\"1609549200000\":0.5788303522,\"1609552800000\":1.0745918975,\"1609556400000\":0.3732090027,\"1609560000000\":0.4973900545,\"1609563600000\":0.1374894998,\"1609567200000\":1.1523975677,\"1609570800000\":0.4553391146,\"1609574400000\":0.6695910457,\"1609578000000\":0.6544518062,\"1609581600000\":0.2222905913,\"1609585200000\":0.2562385349,\"1609588800000\":1.0056471227,\"1609592400000\":0.5065699367,\"1609596000000\":0.3277585054,\"1609599600000\":1.0355668126,\"1609603200000\":0.5772573071,\"1609606800000\":0.3846890746,\"1609610400000\":0.0800642138,\"1609614000000\":0.9408001872,\"1609617600000\":0.894674624,\"1609621200000\":0.6254700371,\"1609624800000\":0.1483540364,\"1609628400000\":0.6062284634,\"1609632000000\":0.3529384289,\"1609635600000\":0.8462027915,\"1609639200000\":0.8607653719,\"1609642800000\":0.3774149795,\"1609646400000\":0.4303743842,\"1609650000000\":0.8750963715,\"1609653600000\":0.0910262626,\"1609657200000\":0.9057070727,\"1609660800000\":0.3078375551,\"1609664400000\":0.88061558,\"1609668000000\":0.4284481375,\"1609671600000\":0.828778375,\"1609675200000\":0.8457807807,\"1609678800000\":0.226522688,\"1609682400000\":0.9937744064,\"1609686000000\":1.0988366172,\"1609689600000\":0.9121740815,\"1609693200000\":0.9734242111,\"1609696800000\":0.507784851,\"1609700400000\":0.6339811603,\"1609704000000\":0.8335669778,\"1609707600000\":0.6412636028,\"1609711200000\":0.1824720336,\"1609714800000\":0.7804856581,\"1609718400000\":0.663352986,\"1609722000000\":0.7820135849,\"1609725600000\":0.3559293451,\"1609729200000\":0.8500944779,\"1609732800000\":0.3315434537,\"1609736400000\":0.0656519942,\"1609740000000\":0.779065724,\"1609743600000\":0.8712578177,\"1609747200000\":0.5012384067,\"1609750800000\":0.2081030753,\"1609754400000\":0.8561113194,\"1609758000000\":0.4613191284,\"1609761600000\":0.3115591087,\"1609765200000\":0.7003539181,\"1609768800000\":0.3449236886,\"1609772400000\":0.7524103737,\"1609776000000\":0.2910919463,\"1609779600000\":0.3630424356,\"1609783200000\":1.0984224893,\"1609786800000\":0.8545453006,\"1609790400000\":0.8134784629,\"1609794000000\":0.6763243675,\"1609797600000\":0.4629700554,\"1609801200000\":1.1335461895,\"1609804800000\":0.1074662395,\"1609808400000\":0.3001632638,\"1609812000000\":0.6838982268,\"1609815600000\":0.8284605755},\"pv\":{\"1609459200000\":0.0010339501,\"1609462800000\":0.0031455051,\"1609466400000\":0.0040790859,\"1609470000000\":0.0193658129,\"1609473600000\":0.1008624184,\"1609477200000\":0.1337330245,\"1609480800000\":0.114400034,\"1609484400000\":0.7261887659,\"1609488000000\":0.9589914024,\"1609491600000\":0.748300857,\"1609495200000\":2.4578683512,\"1609498800000\":0.0244369029,\"1609502400000\":2.9852288605,\"1609506000000\":1.8765757884,\"1609509600000\":0.9964524343,\"1609513200000\":0.2499432931,\"1609516800000\":0.7841184832,\"1609520400000\":0.1228238361,\"1609524000000\":0.2443425341,\"1609527600000\":0.0273316879,\"1609531200000\":0.0248972405,\"1609534800000\":0.0122258332,\"1609538400000\":0.0039250935,\"1609542000000\":0.0007623925,\"1609545600000\":0.0001726795,\"1609549200000\":0.0000486089,\"1609552800000\":0.0030793787,\"1609556400000\":0.0339264664,\"1609560000000\":0.0030717939,\"1609563600000\":0.0709544723,\"1609567200000\":0.0227962784,\"1609570800000\":0.7010411217,\"1609574400000\":0.5385228186,\"1609578000000\":0.7773193121,\"1609581600000\":2.5354527447,\"1609585200000\":0.1213182071,\"1609588800000\":0.8802940416,\"1609592400000\":1.6017482259,\"1609596000000\":0.7653356712,\"1609599600000\":0.6325089121,\"1609603200000\":0.1902370895,\"1609606800000\":0.4340000611,\"1609610400000\":0.2310707836,\"1609614000000\":0.0880187118,\"1609617600000\":0.0261897196,\"1609621200000\":0.0038037949,\"1609624800000\":0.0030746119,\"1609628400000\":0.0000579856,\"1609632000000\":0.0003225859,\"1609635600000\":0.0038830741,\"1609639200000\":0.0114249598,\"1609642800000\":0.0285088724,\"1609646400000\":0.0949810381,\"1609650000000\":0.0965746366,\"1609653600000\":0.2763782064,\"1609657200000\":0.5425795169,\"1609660800000\":0.9071164846,\"1609664400000\":0.2222320837,\"1609668000000\":2.5760032847,\"1609671600000\":1.4388550607,\"1609675200000\":2.6853042378,\"1609678800000\":0.9535623275,\"1609682400000\":1.5199821879,\"1609686000000\":0.748336119,\"1609689600000\":0.6826187297,\"1609693200000\":0.0057955912,\"1609696800000\":0.0577129913,\"1609700400000\":0.1018360359,\"1609704000000\":0.034510484,\"1609707600000\":0.0053400216,\"1609711200000\":0.0012441793,\"1609714800000\":0.0008455486,\"1609718400000\":0.0008839149,\"1609722000000\":0.0002081845,\"1609725600000\":0.0047529657,\"1609729200000\":0.0161833769,\"1609732800000\":0.0455735842,\"1609736400000\":0.0918406154,\"1609740000000\":0.3209366088,\"1609743600000\":0.0942196341,\"1609747200000\":1.4783524411,\"1609750800000\":2.1042134582,\"1609754400000\":1.9454241104,\"1609758000000\":0.8235692942,\"1609761600000\":0.8958224156,\"1609765200000\":0.2125566248,\"1609768800000\":0.1995809954,\"1609772400000\":0.4032303603,\"1609776000000\":0.6283232604,\"1609779600000\":0.1376042513,\"1609783200000\":0.0260120534,\"1609786800000\":0.0929858436,\"1609790400000\":0.0272083111,\"1609794000000\":0.0034082843,\"1609797600000\":0.0033728365,\"1609801200000\":0.0001081431,\"1609804800000\":0.0007942891,\"1609808400000\":0.0017446637,\"1609812000000\":0.0082586318,\"1609815600000\":0.0036561749},\"schedule\":{\"1609459200000\":-0.7490025158,\"1609462800000\":-1.0393854051,\"1609466400000\":-0.4576959109,\"1609470000000\":-0.2667494593,\"1609473600000\":0.033749943,\"1609477200000\":-1.016428661,\"1609480800000\":-0.3098712743,\"1609484400000\":0.0040499843,\"1609488000000\":0.0179067413,\"1609491600000\":0.4467530558,\"1609495200000\":1.9125770326,\"1609498800000\":-0.1464675147,\"1609502400000\":2.8294400559,\"1609506000000\":1.2957638832,\"1609509600000\":0.0601923052,\"1609513200000\":0.1990095588,\"1609516800000\":0.7261316518,\"1609520400000\":-0.8677572854,\"1609524000000\":-0.8595284581,\"1609527600000\":-0.6334616094,\"1609531200000\":-0.0598936873,\"1609534800000\":-0.907361453,\"1609538400000\":-0.6010845063,\"1609542000000\":-0.5525482016,\"1609545600000\":-0.7732326986,\"1609549200000\":-0.5787817433,\"1609552800000\":-1.0715125188,\"1609556400000\":-0.3392825363,\"1609560000000\":-0.4943182606,\"1609563600000\":-0.0665350275,\"1609567200000\":-1.1296012893,\"1609570800000\":0.2457020071,\"1609574400000\":-0.1310682271,\"1609578000000\":0.1228675059,\"1609581600000\":2.3131621534,\"1609585200000\":-0.1349203278,\"1609588800000\":-0.1253530811,\"1609592400000\":1.0951782891,\"1609596000000\":0.4375771658,\"1609599600000\":-0.4030579005,\"1609603200000\":-0.3870202176,\"1609606800000\":0.0493109865,\"1609610400000\":0.1510065698,\"1609614000000\":-0.8527814754,\"1609617600000\":-0.8684849044,\"1609621200000\":-0.6216662422,\"1609624800000\":-0.1452794245,\"1609628400000\":-0.6061704778,\"1609632000000\":-0.352615843,\"1609635600000\":-0.8423197175,\"1609639200000\":-0.8493404121,\"1609642800000\":-0.3489061071,\"1609646400000\":-0.3353933461,\"1609650000000\":-0.7785217348,\"1609653600000\":0.1853519438,