{
  "id": "H3",
  "df": "{\"load\":{\"1609459200000\":0.0261897463,\"1609462800000\":0.1959917533,\"1609466400000\":0.0317662256,\"1609470000000\":0.4495675956,\"1609473600000\":0.0501815461,\"1609477200000\":0.3305435717,\"1609480800000\":0.1518704679,\"1609484400000\":0.0631233221,\"1609488000000\":0.5066430006,\"1609491600000\":0.1956616944,\"1609495200000\":0.3432734025,\"1609498800000\":0.2127136472,\"1609502400000\":0.0503948032,\"1609506000000\":0.1614714219,\"1609509600000\":0.0916671421,\"1609513200000\":0.2432538265,\"1609516800000\":0.1791739349,\"1609520400000\":0.4476597308,\"1609524000000\":0.2097592451,\"1609527600000\":0.1711121646,\"1609531200000\":0.4263109181,\"1609534800000\":0.3543412621,\"1609538400000\":0.2062092382,\"1609542000000\":0.3458446013,\"1609545600000\":0.4860434387,\"1609549200000\":0.1066609049,\"1609552800000\":0.2142223204,\"1609556400000\":0.0826690658,\"1609560000000\":0.1075783374,\"1609563600000\":0.3994817046,\"1609567200000\":0.2905134927,\"1609570800000\":0.2499549966,\"1609574400000\":0.3068510889,\"1609578000000\":0.254082641,\"1609581600000\":0.2994414554,\"1609585200000\":0.046809563,\"1609588800000\":0.2669536077,\"1609592400000\":0.4411865888,\"1609596000000\":0.4148157991,\"1609599600000\":0.2929363645,\"1609603200000\":0.1263948571,\"1609606800000\":0.2183748833,\"1609610400000\":0.087979509,\"1609614000000\":0.2049667542,\"1609617600000\":0.3424757818,\"1609621200000\":0.0787397858,\"1609624800000\":0.3394808301,\"1609628400000\":0.3687324611,\"1609632000000\":0.1183171962,\"1609635600000\":0.0707224212,\"1609639200000\":0.1224059195,\"1609642800000\":0.2102762607,\"1609646400000\":0.4785018331,\"1609650000000\":0.3541390662,\"1609653600000\":0.3439259805,\"1609657200000\":0.2582897366,\"1609660800000\":0.3815622014,\"1609664400000\":0.1017026523,\"1609668000000\":0.3846671621,\"1609671600000\":0.4896371671,\"1609675200000\":0.2489289048,\"1609678800000\":0.4141323767,\"1609682400000\":0.4389163349,\"1609686000000\":0.4838678595,\"1609689600000\":0.3306218395,\"1609693200000\":0.410839961,\"1609696800000\":0.168362587,\"1609700400000\":0.484239398,\"1609704000000\":0.3609925366,\"1609707600000\":0.4470124462,\"1609711200000\":0.2434513842,\"1609714800000\":0.4282721557,\"1609718400000\":0.2616985869,\"1609722000000\":0.4247497504,\"1609725600000\":0.3435696791,\"1609729200000\":0.3714021862,\"1609732800000\":0.0241654873,\"1609736400000\":0.138530788,\"1609740000000\":0.3970714631,\"1609743600000\":0.2786687055,\"1609747200000\":0.176180566,\"1609750800000\":0.2588349573,\"1609754400000\":0.1279902303,\"1609758000000\":0.2125614008,\"1609761600000\":0.4199831862,\"1609765200000\":0.13140759,\"1609768800000\":0.3051874598,\"1609772400000\":0.176654295,\"1609776000000\":0.1124566948,\"1609779600000\":0.3800658276,\"1609783200000\":0.3707148494,\"1609786800000\":0.2623535492,\"1609790400000\":0.3679954915,\"1609794000000\":0.1191607413,\"1609797600000\":0.2006136204,\"1609801200000\":0.3459115363,\"1609804800000\":0.005074439,\"1609808400000\":0.2474227684,\"1609812000000\":0.2756670819,\"1609815600000\":0.3616740768},\"pv\":{\"1609459200000\":0.0001512532,\"1609462800000\":0.0012073955,\"1609466400000\":0.0003432762,\"1609470000000\":0.0079955843,\"1609473600000\":0.0016624728,\"1609477200000\":0.0040111736,\"1609480800000\":0.0140361693,\"1609484400000\":0.1726684927,\"1609488000000\":0.3696895948,\"1609491600000\":0.4308156188,\"1609495200000\":0.6349006638,\"1609498800000\":0.0268001748,\"1609502400000\":1.0681202661,\"1609506000000\":0.3889089798,\"1609509600000\":0.6193650786,\"1609513200000\":0.4983300539,\"1609516800000\":0.2605288601,\"1609520400000\":0.1510446264,\"1609524000000\":0.0860765448,\"1609527600000\":0.0275735464,\"1609531200000\":0.0115255009,\"1609534800000\":0.0006753409,\"1609538400000\":0.0007476367,\"1609542000000\":0.0001505717,\"1609545600000\":0.0003344514,\"1609549200000\":0.0005114194,\"1609552800000\":0.0017261882,\"1609556400000\":0.0067610927,\"1609560000000\":0.0280036737,\"1609563600000\":0.0496186145,\"1609567200000\":0.1447929485,\"1609570800000\":0.0443464247,\"1609574400000\":0.2775222774,\"1609578000000\":0.2218227552,\"1609581600000\":0.9313250885,\"1609585200000\":0.6985358595,\"1609588800000\":1.0009711603,\"1609592400000\":0.5708957255,\"1609596000000\":0.333692777,\"1609599600000\":0.0976662245,\"1609603200000\":0.1020289291,\"1609606800000\":0.1119112143,\"1609610400000\":0.0455871792,\"1609614000000\":0.0306292742,\"1609617600000\":0.0114465333,\"1609621200000\":0.0042751546,\"1609624800000\":0.0009770664,\"1609628400000\":0.0001092103,\"1609632000000\":0.0003412135,\"1609635600000\":0.0012361221,\"1609639200000\":0.003657013,\"1609642800000\":0.0030053332,\"1609646400000\":0.0114458268,\"1609650000000\":0.0849694442,\"1609653600000\":0.1326213675,\"1609657200000\":0.103951627,\"1609660800000\":0.1254555959,\"1609664400000\":0.6083939085,\"1609668000000\":0.8873256261,\"1609671600000\":0.4205363715,\"1609675200000\":0.1217070818,\"1609678800000\":0.86605083,\"1609682400000\":0.5938429534,\"1609686000000\":0.3687313444,\"1609689600000\":0.1700075899,\"1609693200000\":0.1566445963,\"1609696800000\":0.0582789548,\"1609700400000\":0.0118055162,\"1609704000000\":0.0106342094,\"1609707600000\":0.0008146236,\"1609711200000\":0.001221714,\"1609714800000\":0.0002087122,\"1609718400000\":0.0002297783,\"1609722000000\":0.0010206951,\"1609725600000\":0.0033626524,\"1609729200000\":0.0016136746,\"1609732800000\":0.036271366,\"1609736400000\":0.0218919291,\"1609740000000\":0.0714872479,\"1609743600000\":0.3249107319,\"1609747200000\":0.2812153051,\"1609750800000\":0.3943347145,\"1609754400000\":0.0725731984,\"1609758000000\":0.4713519909,\"1609761600000\":0.7242867565,\"1609765200000\":0.7440064949,\"1609768800000\":0.7733069415,\"1609772400000\":0.0295684509,\"1609776000000\":0.0000755982,\"1609779600000\":0.0305162513,\"1609783200000\":0.0817285737,\"1609786800000\":0.0131603818,\"1609790400000\":0.0015851983,\"1609794000000\":0.0002596945,\"1609797600000\":0.0011545257,\"1609801200000\":0.0001934971,\"1609804800000\":0.000295837,\"1609808400000\":0.0014199828,\"1609812000000\":0.0047863582,\"1609815600000\":0.0049529326},\"schedule\":{\"1609459200000\":-0.0260384931,\"1609462800000\":-0.1947843578,\"1609466400000\":-0.0314229494,\"1609470000000\":-0.4415720113,\"1609473600000\":-0.0485190733,\"1609477200000\":-0.3265323981,\"1609480800000\":-0.1378342986,\"1609484400000\":0.1095451706,\"1609488000000\":-0.1369534058,\"1609491600000\":0.2351539244,\"1609495200000\":0.2916272613,\"1609498800000\":-0.1859134724,\"1609502400000\":1.017725463,\"1609506000000\":0.2274375579,\"1609509600000\":0.5276979365,\"1609513200000\":0.2550762273,\"1609516800000\":0.0813549252,\"1609520400000\":-0.2966151044,\"1609524000000\":-0.1236827003,\"1609527600000\":-0.1435386182,\"1609531200000\":-0.4147854172,\"1609534800000\":-0.3536659213,\"1609538400000\":-0.2054616015,\"1609542000000\":-0.3456940297,\"1609545600000\":-0.4857089874,\"1609549200000\":-0.1061494855,\"1609552800000\":-0.2124961323,\"1609556400000\":-0.0759079731,\"1609560000000\":-0.0795746637,\"1609563600000\":-0.3498630901,\"1609567200000\":-0.1457205442,\"1609570800000\":-0.2056085719,\"1609574400000\":-0.0293288115,\"1609578000000\":-0.0322598858,\"1609581600000\":0.6318836332,\"1609585200000\":0.6517262965,\"1609588800000\":0.7340175526,\"1609592400000\":0.1297091367,\"1609596000000\":-0.0811230221,\"1609599600000\":-0.19527014,\"1609603200000\":-0.0243659279,\"1609606800000\":-0.1064636689,\"1609610400000\":-0.0423923298,\"1609614000000\":-0.17433748,\"1609617600000\":-0.3310292485,\"1609621200000\":-0.0744646312,\"1609624800000\":-0.3385037637,\"1609628400000\":-0.3686232508,\"1609632000000\":-0.1179759827,\"1609635600000\":-0.0694862991,\"1609639200000\":-0.1187489064,\"1609642800000\":-0.2072709275,\"1609646400000\":-0.4670560063,\"1609650000000\":-0.2691696221,\"1609653600000\":-0.211304613,