{
  "id": "H4",
  "df": "{\"load\":{\"1609459200000\":0.0586254757,\"1609462800000\":0.8791653443,\"1609466400000\":1.1363841722,\"1609470000000\":1.0749266306,\"1609473600000\":0.4040055585,\"1609477200000\":0.9382919583,\"1609480800000\":0.9514836939,\"1609484400000\":0.4749472062,\"1609488000000\":0.421890566,\"1609491600000\":0.6449168422,\"1609495200000\":0.5703499435,\"1609498800000\":1.1311653541,\"1609502400000\":0.6205161516,\"1609506000000\":0.1458960707,\"1609509600000\":1.154977924,\"1609513200000\":0.6507839984,\"1609516800000\":0.864209831,\"1609520400000\":0.4037598226,\"1609524000000\":0.1410873989,\"1609527600000\":0.4652080852,\"1609531200000\":1.0277732669,\"1609534800000\":0.2148765489,\"1609538400000\":0.6326870855,\"1609542000000\":0.0490425542,\"1609545600000\":0.7881911687,\"1609549200000\":1.0992919861,\"1609552800000\":0.8581048356,\"1609556400000\":0.6670413276,\"1609560000000\":0.7294152326,\"1609563600000\":0.9008008522,\"1609567200000\":0.7367252173,\"1609570800000\":0.3952523581,\"1609574400000\":0.2195557487,\"1609578000000\":0.5173044491,\"1609581600000\":1.1024858517,\"1609585200000\":0.8711611151,\"1609588800000\":1.0879118229,\"1609592400000\":0.5732061199,\"1609596000000\":0.7258603249,\"1609599600000\":0.0885137378,\"1609603200000\":0.2304064534,\"1609606800000\":0.6816857066,\"1609610400000\":0.9858355445,\"1609614000000\":0.997452127,\"1609617600000\":0.5307319713,\"1609621200000\":0.37290483,\"1609624800000\":0.9059818364,\"1609628400000\":0.7100308559,\"1609632000000\":0.5384977815,\"1609635600000\":0.3758669915,\"1609639200000\":1.0787703106,\"1609642800000\":0.4056913686,\"1609646400000\":0.1176857409,\"1609650000000\":0.7128919498,\"1609653600000\":0.6803352752,\"1609657200000\":0.4803130028,\"1609660800000\":0.7368738261,\"1609664400000\":1.0740733825,\"1609668000000\":0.2175086129,\"1609671600000\":0.7287389347,\"1609675200000\":0.1748607779,\"1609678800000\":0.2405424919,\"1609682400000\":0.0248291356,\"1609686000000\":1.0461969575,\"1609689600000\":0.4585156899,\"1609693200000\":0.8880504545,\"1609696800000\":1.1087654551,\"1609700400000\":0.9044695204,\"1609704000000\":0.8728317888,\"1609707600000\":0.3598542305,\"1609711200000\":1.1541906093,\"1609714800000\":1.0276361599,\"1609718400000\":0.3855353736,\"1609722000000\":0.5254078367,\"1609725600000\":0.3544638974,\"1609729200000\":0.4727097135,\"1609732800000\":0.1793334858,\"1609736400000\":0.8285742757,\"1609740000000\":0.8174917485,\"1609743600000\":1.157043774,\"1609747200000\":0.8476776272,\"1609750800000\":0.5399614975,\"1609754400000\":0.8239281302,\"1609758000000\":0.0812550481,\"1609761600000\":0.2410858117,\"1609765200000\":1.1485505459,\"1609768800000\":1.0138373095,\"1609772400000\":0.3520175219,\"1609776000000\":0.196401497,\"1609779600000\":1.1677891999,\"1609783200000\":0.544059239,\"1609786800000\":0.1142759957,\"1609790400000\":0.0465188323,\"1609794000000\":0.5527636632,\"1609797600000\":0.9259612381,\"1609801200000\":0.5115408048,\"1609804800000\":1.04878002,\"1609808400000\":1.0954420267,\"1609812000000\":0.3293677587,\"1609815600000\":0.3339248166},\"pv\":{\"1609459200000\":0.0,\"1609462800000\":0.0,\"1609466400000\":0.0,\"1609470000000\":0.0,\"1609473600000\":0.0,\"1609477200000\":0.0,\"1609480800000\":0.0,\"1609484400000\":0.0,\"1609488000000\":0.0,\"1609491600000\":0.0,\"1609495200000\":0.0,\"1609498800000\":0.0,\"1609502400000\":0.0,\"1609506000000\":0.0,\"1609509600000\":0.0,\"1609513200000\":0.0,\"1609516800000\":0.0,\"1609520400000\":0.0,\"1609524000000\":0.0,\"1609527600000\":0.0,\"1609531200000\":0.0,\"1609534800000\":0.0,\"1609538400000\":0.0,\"1609542000000\":0.0,\"1609545600000\":0.0,\"1609549200000\":0.0,\"1609552800000\":0.0,\"1609556400000\":0.0,\"1609560000000\":0.0,\"1609563600000\":0.0,\"1609567200000\":0.0,\"1609570800000\":0.0,\"1609574400000\":0.0,\"1609578000000\":0.0,\"1609581600000\":0.0,\"1609585200000\":0.0,\"1609588800000\":0.0,\"1609592400000\":0.0,\"1609596000000\":0.0,\"1609599600000\":0.0,\"1609603200000\":0.0,\"1609606800000\":0.0,\"1609610400000\":0.0,\"1609614000000\":0.0,\"1609617600000\":0.0,\"1609621200000\":0.0,\"1609624800000\":0.0,\"1609628400000\":0.0,\"1609632000000\":0.0,\"1609635600000\":0.0,\"1609639200000\":0.0,\"1609642800000\":0.0,\"1609646400000\":0.0,\"1609650000000\":0.0,\"1609653600000\":0.0,\"1609657200000\":0.0,\"1609660800000\":0.0,\"1609664400000\":0.0,\"1609668000000\":0.0,\"1609671600000\":0.0,\"1609675200000\":0.0,\"1609678800000\":0.0,\"1609682400000\":0.0,\"1609686000000\":0.0,\"1609689600000\":0.0,\"1609693200000\":0.0,\"1609696800000\":0.0,\"1609700400000\":0.0,\"1609704000000\":0.0,\"1609707600000\":0.0,\"1609711200000\":0.0,\"1609714800000\":0.0,\"1609718400000\":0.0,\"1609722000000\":0.0,\"1609725600000\":0.0,\"1609729200000\":0.0,\"1609732800000\":0.0,\"1609736400000\":0.0,\"1609740000000\":0.0,\"1609743600000\":0.0,\"1609747200000\":0.0,\"1609750800000\":0.0,\"1609754400000\":0.0,\"1609758000000\":0.0,\"1609761600000\":0.0,\"1609765200000\":0.0,\"1609768800000\":0.0,\"1609772400000\":0.0,\"1609776000000\":0.0,\"1609779600000\":0.0,\"1609783200000\":0.0,\"1609786800000\":0.0,\"1609790400000\":0.0,\"1609794000000\":0.0,\"1609797600000\":0.0,\"1609801200000\":0.0,\"1609804800000\":0.0,\"1609808400000\":0.0,\"1609812000000\":0.0,\"1609815600000\":0.0},\"schedule\":{\"1609459200000\":-0.0586254757,\"1609462800000\":-0.8791653443,\"1609466400000\":-1.1363841722,\"1609470000000\":-1.0749266306,\"1609473600000\":-0.4040055585,\"1609477200000\":-0.9382919583,\"1609480800000\":-0.9514836939,\"1609484400000\":-0.4749472062,\"1609488000000\":-0.421890566,\"1609491600000\":-0.6449168422,\"1609495200000\":-0.5703499435,\"1609498800000\":-1.1311653541,\"1609502400000\":-0.6205161516,\"1609506000000\":-0.1458960707,\"1609509600000\":-1.154977924,\"1609513200000\":-0.6507839984,\"1609516800000\":-0.864209831,\"1609520400000\":-0.4037598226,\"1609524000000\":-0.1410873989,\"1609527600000\":-0.4652080852,\"1609531200000\":-1.0277732669,\"1609534800000\":-0.2148765489,\"1609538400000\":-0.6326870855,\"1609542000000\":-0.0490425542,\"1609545600000\":-0.7881911687,\"1609549200000\":-1.0992919861,\"1609552800000\":-0.8581048356,\"1609556400000\":-0.6670413276,\"1609560000000\":-0.7294152326,\"1609563600000\":-0.9008008522,\"1609567200000\":-0.7367252173,\"1609570800000\":-0.3952523581,\"1609574400000\":-0.2195557487,\"1609578000000\":-0.5173044491,\"1609581600000\":-1.1024858517,\"1609585200000\":-0.8711611151,\"1609588800000\":-1.0879118229,\"1609592400000\":-0.5732061199,\"1609596000000\":-0.7258603249,\"1609599600000\":-0.0885137378,\"1609603200000\":-0.2304064534,\"1609606800000\":-0.6816857066,\"1609610400000\":-0.9858355445,\"1609614000000\":-0.997452127,\"1609617600000\":-0.5307319713,\"1609621200000\":-0.37290483,\"1609624800000\":-0.9059818364,\"1609628400000\":-0.7100308559,\"1609632000000\":-0.5384977815,\"1609635600000\":-0.3758669915,\"1609639200000\":-1.0787703106,\"1609642800000\":-0.4056913686,\"1609646400000\":-0.1176857409,\"1609650000000\":-0.7128919498,\"1609653600000\":-0.6803352752,\"1609657200000\":-0.4803130028,\"1609660800000\":-0.7368738261,\"1609664400000\":-1.0740733825,\"1609668000000\":-0.2175086129,\"1609671600000\":-0.7287389347,\"1609675200000\":-0.1748607779,\"1609678800000\":-0.2405424919,\"1609682400000\":-0.0248291356,\"1609686000000\":-1.0461969575,\"1609689600000\":-0.4585156899,\"1609693200000\":-0.8880504545,\"1609696800000\":-1.1087654551,\"1609700400000\":-0.9044695204,\"1609704000000\":-0.8728317888,\"1609707600000\":-0.3598542305,\"1609711200000\":-1.1541906093,\"1609714800000\":-1.0276361599,\"1609718400000\":-0.3855353736,\"1609722000000\":-0.5254078367,\"1609725600000\":-0.3544638974,\"1609729200000\":-0.4727097135,\"1609732800000\":-0.1793334858,\"1609736400000\":-0.8285742757,\"1609740000000\":-0.8174917485,\"1609743600000\":-1.157043774,\"1609747200000\":-0.8476776272,\"1609750800000\":-0.5399614975,\"1609754400000\":-0.8239281302,