{
  "id": "H2",
  "df": "{\"load\":{\"1609459200000\":0.2474618147,\"1609462800000\":0.1474669157,\"1609466400000\":0.5931626584,\"1609470000000\":0.580970044,\"1609473600000\":0.6578083018,\"1609477200000\":0.3749619279,\"1609480800000\":0.1137209996,\"1609484400000\":0.5041747675,\"1609488000000\":0.4322557281,\"1609491600000\":0.2501754904,\"1609495200000\":0.5746550284,\"1609498800000\":0.0746819379,\"1609502400000\":0.4642547118,\"1609506000000\":0.1106130071,\"1609509600000\":0.1186479892,\"1609513200000\":0.354403637,\"1609516800000\":0.6250975038,\"1609520400000\":0.4442647449,\"1609524000000\":0.4778532583,\"1609527600000\":0.1032936372,\"1609531200000\":0.3042328656,\"1609534800000\":0.595492972,\"1609538400000\":0.4042141922,\"1609542000000\":0.0044996684,\"1609545600000\":0.5137803746,\"1609549200000\":0.6678257033,\"1609552800000\":0.698563512,\"1609556400000\":0.4853355979,\"1609560000000\":0.4392796265,\"1609563600000\":0.2942811201,\"1609567200000\":0.5341744936,\"1609570800000\":0.0707115105,\"1609574400000\":0.1149909018,\"1609578000000\":0.6875301182,\"1609581600000\":0.6535117576,\"1609585200000\":0.4048544439,\"1609588800000\":0.0079726165,\"1609592400000\":0.4150136194,\"1609596000000\":0.1941490227,\"1609599600000\":0.2643224852,\"1609603200000\":0.5871350407,\"1609606800000\":0.576513224,\"1609610400000\":0.2380344914,\"1609614000000\":0.5307783282,\"1609617600000\":0.2358808868,\"1609621200000\":0.4034761343,\"1609624800000\":0.1052780298,\"1609628400000\":0.4794468211,\"1609632000000\":0.4917673748,\"1609635600000\":0.6250300245,\"1609639200000\":0.290126805,\"1609642800000\":0.4747877062,\"1609646400000\":0.5205380088,\"1609650000000\":0.0572979986,\"1609653600000\":0.689356592,\"1609657200000\":0.6109332544,\"1609660800000\":0.2900467468,\"1609664400000\":0.5999807613,\"1609668000000\":0.5807228792,\"1609671600000\":0.5772715901,\"1609675200000\":0.207430171,\"1609678800000\":0.6105529386,\"1609682400000\":0.4753144631,\"1609686000000\":0.4191680472,\"1609689600000\":0.3026532755,\"1609693200000\":0.488374916,\"1609696800000\":0.154277046,\"1609700400000\":0.5991850034,\"1609704000000\":0.3375457484,\"1609707600000\":0.009651342,\"1609711200000\":0.4453613837,\"1609714800000\":0.208745405,\"1609718400000\":0.62806191,\"1609722000000\":0.0489494043,\"1609725600000\":0.6470252456,\"1609729200000\":0.2069264989,\"1609732800000\":0.558798154,\"1609736400000\":0.2086692716,\"1609740000000\":0.4668468254,\"1609743600000\":0.5140676067,\"1609747200000\":0.2417565478,\"1609750800000\":0.6478219583,\"1609754400000\":0.514181276,\"1609758000000\":0.5023293231,\"1609761600000\":0.381117984,\"1609765200000\":0.3628922439,\"1609768800000\":0.4282628694,\"1609772400000\":0.2221380983,\"1609776000000\":0.3132630726,\"1609779600000\":0.4110368315,\"1609783200000\":0.2840603347,\"1609786800000\":0.0939640079,\"1609790400000\":0.4891281393,\"1609794000000\":0.3526625436,\"1609797600000\":0.0181210372,\"1609801200000\":0.5995468114,\"1609804800000\":0.0762127889,\"1609808400000\":0.0606856159,\"1609812000000\":0.3839715972,\"1609815600000\":0.0293290889},\"pv\":{\"1609459200000\":0.0,\"1609462800000\":0.0,\"1609466400000\":0.0,\"1609470000000\":0.0,\"1609473600000\":0.0,\"1609477200000\":0.0,\"1609480800000\":0.0,\"1609484400000\":0.0,\"1609488000000\":0.0,\"1609491600000\":0.0,\"1609495200000\":0.0,\"1609498800000\":0.0,\"1609502400000\":0.0,\"1609506000000\":0.0,\"1609509600000\":0.0,\"1609513200000\":0.0,\"1609516800000\":0.0,\"1609520400000\":0.0,\"1609524000000\":0.0,\"1609527600000\":0.0,\"1609531200000\":0.0,\"1609534800000\":0.0,\"1609538400000\":0.0,\"1609542000000\":0.0,\"1609545600000\":0.0,\"1609549200000\":0.0,\"1609552800000\":0.0,\"1609556400000\":0.0,\"1609560000000\":0.0,\"1609563600000\":0.0,\"1609567200000\":0.0,\"1609570800000\":0.0,\"1609574400000\":0.0,\"1609578000000\":0.0,\"1609581600000\":0.0,\"1609585200000\":0.0,\"1609588800000\":0.0,\"1609592400000\":0.0,\"1609596000000\":0.0,\"1609599600000\":0.0,\"1609603200000\":0.0,\"1609606800000\":0.0,\"1609610400000\":0.0,\"1609614000000\":0.0,\"1609617600000\":0.0,\"1609621200000\":0.0,\"1609624800000\":0.0,\"1609628400000\":0.0,\"1609632000000\":0.0,\"1609635600000\":0.0,\"1609639200000\":0.0,\"1609642800000\":0.0,\"1609646400000\":0.0,\"1609650000000\":0.0,\"1609653600000\":0.0,\"1609657200000\":0.0,\"1609660800000\":0.0,\"1609664400000\":0.0,\"1609668000000\":0.0,\"1609671600000\":0.0,\"1609675200000\":0.0,\"1609678800000\":0.0,\"1609682400000\":0.0,\"1609686000000\":0.0,\"1609689600000\":0.0,\"1609693200000\":0.0,\"1609696800000\":0.0,\"1609700400000\":0.0,\"1609704000000\":0.0,\"1609707600000\":0.0,\"1609711200000\":0.0,\"1609714800000\":0.0,\"1609718400000\":0.0,\"1609722000000\":0.0,\"1609725600000\":0.0,\"1609729200000\":0.0,\"1609732800000\":0.0,\"1609736400000\":0.0,\"1609740000000\":0.0,\"1609743600000\":0.0,\"1609747200000\":0.0,\"1609750800000\":0.0,\"1609754400000\":0.0,\"1609758000000\":0.0,\"1609761600000\":0.0,\"1609765200000\":0.0,\"1609768800000\":0.0,\"1609772400000\":0.0,\"1609776000000\":0.0,\"1609779600000\":0.0,\"1609783200000\":0.0,\"1609786800000\":0.0,\"1609790400000\":0.0,\"1609794000000\":0.0,\"1609797600000\":0.0,\"1609801200000\":0.0,\"1609804800000\":0.0,\"1609808400000\":0.0,\"1609812000000\":0.0,\"1609815600000\":0.0},\"schedule\":{\"1609459200000\":-0.2474618147,\"1609462800000\":-0.1474669157,\"1609466400000\":-0.5931626584,\"1609470000000\":-0.580970044,\"1609473600000\":-0.6578083018,\"1609477200000\":-0.3749619279,\"1609480800000\":-0.1137209996,\"1609484400000\":-0.5041747675,\"1609488000000\":-0.4322557281,\"1609491600000\":-0.2501754904,\"1609495200000\":-0.5746550284,\"1609498800000\":-0.0746819379,\"1609502400000\":-0.4642547118,\"1609506000000\":-0.1106130071,\"1609509600000\":-0.1186479892,\"1609513200000\":-0.354403637,\"1609516800000\":-0.6250975038,\"1609520400000\":-0.4442647449,\"1609524000000\":-0.4778532583,\"1609527600000\":-0.1032936372,\"1609531200000\":-0.3042328656,\"1609534800000\":-0.595492972,\"1609538400000\":-0.4042141922,\"1609542000000\":-0.0044996684,\"1609545600000\":-0.5137803746,\"1609549200000\":-0.6678257033,\"1609552800000\":-0.698563512,\"1609556400000\":-0.4853355979,\"1609560000000\":-0.4392796265,\"1609563600000\":-0.2942811201,\"1609567200000\":-0.5341744936,\"1609570800000\":-0.0707115105,\"1609574400000\":-0.1149909018,\"1609578000000\":-0.6875301182,\"1609581600000\":-0.6535117576,\"1609585200000\":-0.4048544439,\"1609588800000\":-0.0079726165,\"1609592400000\":-0.4150136194,\"1609596000000\":-0.1941490227,\"1609599600000\":-0.2643224852,\"1609603200000\":-0.5871350407,\"1609606800000\":-0.576513224,\"1609610400000\":-0.2380344914,\"1609614000000\":-0.5307783282,\"1609617600000\":-0.2358808868,\"1609621200000\":-0.4034761343,\"1609624800000\":-0.1052780298,\"1609628400000\":-0.4794468211,\"1609632000000\":-0.4917673748,\"1609635600000\":-0.6250300245,\"1609639200000\":-0.290126805,\"1609642800000\":-0.4747877062,\"1609646400000\":-0.5205380088,\"1609650000000\":-0.0572979986,\"1609653600000\":-0.689356592,\"1609657200000\":-0.6109332544,\"1609660800000\":-0.2900467468,\"1609664400000\":-0.5999807613,\"1609668000000\":-0.5807228792,\"1609671600000\":-0.5772715901,\"1609675200000\":-0.207430171,\"1609678800000\":-0.6105529386,\"1609682400000\":-0.4753144631,\"1609686000000\":-0.4191680472,\"1609689600000\":-0.3026532755,\"1609693200000\":-0.488374916,\"1609696800000\":-0.154277046,\"1609700400000\":-0.5991850034,\"1609704000000\":-0.3375457484,\"1609707600000\":-0.009651342,\"1609711200000\":-0.4453613837,\"1609714800000\":-0.208745405,\"1609718400000\":-0.62806191,\"1609722000000\":-0.0489494043,\"1609725600000\":-0.6470252456,\"1609729200000\":-0.2069264989,\"1609732800000\":-0.558798154,\"1609736400000\":-0.2086692716,\"1609740000000\":-0.4668468254,\"1609743600000\":-0.5140676067,\"1609747200000\":-0.2417565478,\"1609750800000\":-0.6478219583,\"1609754400000\":-0.514181276,