{
  "id": "H4",
  "df": "{\"load\":{\"1609459200000\":0.3697351035,\"1609462800000\":0.0328476575,\"1609466400000\":0.5747993436,\"1609470000000\":0.2237403488,\"1609473600000\":0.602658958,\"1609477200000\":0.239947421,\"1609480800000\":0.0249539053,\"1609484400000\":0.7619935496,\"1609488000000\":0.612475225,\"1609491600000\":0.0149062727,\"1609495200000\":0.3677257663,\"1609498800000\":0.2659590998,\"1609502400000\":0.254428268,\"1609506000000\":0.6296574282,\"1609509600000\":0.0165970062,\"1609513200000\":0.7079666697,\"1609516800000\":0.3019615499,\"1609520400000\":0.7741694764,\"1609524000000\":0.2070325458,\"1609527600000\":0.2701620345,\"1609531200000\":0.3988207646,\"1609534800000\":0.7746496008,\"1609538400000\":0.4927326376,\"1609542000000\":0.5941855928,\"1609545600000\":0.5510877946,\"1609549200000\":0.2326473904,\"1609552800000\":0.1697228613,\"1609556400000\":0.6856714107,\"1609560000000\":0.1864716748,\"1609563600000\":0.7401870639,\"1609567200000\":0.0203665238,\"1609570800000\":0.542736616,\"1609574400000\":0.3548246972,\"1609578000000\":0.0538754625,\"1609581600000\":0.3394488795,\"1609585200000\":0.21923619,\"1609588800000\":0.090782758,\"1609592400000\":0.4343524906,\"1609596000000\":0.1896053469,\"1609599600000\":0.15365452,\"1609603200000\":0.2964346241,\"1609606800000\":0.7363986154,\"1609610400000\":0.0204211578,\"1609614000000\":0.224178559,\"1609617600000\":0.596592585,\"1609621200000\":0.7656590538,\"1609624800000\":0.4624940837,\"1609628400000\":0.2312151403,\"1609632000000\":0.2154792526,\"1609635600000\":0.7221819028,\"1609639200000\":0.3614944406,\"1609642800000\":0.45465196,\"1609646400000\":0.3760372087,\"1609650000000\":0.3553369782,\"1609653600000\":0.0189689228,\"1609657200000\":0.581605355,\"1609660800000\":0.3816227543,\"1609664400000\":0.4942786135,\"1609668000000\":0.4949410822,\"1609671600000\":0.7759260599,\"1609675200000\":0.6870495599,\"1609678800000\":0.7277999475,\"1609682400000\":0.2566664339,\"1609686000000\":0.3271732865,\"1609689600000\":0.2981003321,\"1609693200000\":0.1455587015,\"1609696800000\":0.2248273906,\"1609700400000\":0.0907458334,\"1609704000000\":0.631442326,\"1609707600000\":0.2003825945,\"1609711200000\":0.2869000603,\"1609714800000\":0.6552772956,\"1609718400000\":0.6110152652,\"1609722000000\":0.3492458091,\"1609725600000\":0.2317679007,\"1609729200000\":0.8126242123,\"1609732800000\":0.5356736423,\"1609736400000\":0.6268822075,\"1609740000000\":0.1209003033,\"1609743600000\":0.6892187448,\"1609747200000\":0.4153728254,\"1609750800000\":0.0597322324,\"1609754400000\":0.7597996605,\"1609758000000\":0.5779993859,\"1609761600000\":0.6824521846,\"1609765200000\":0.0063700657,\"1609768800000\":0.8040272803,\"1609772400000\":0.4070459693,\"1609776000000\":0.2432028532,\"1609779600000\":0.3975011382,\"1609783200000\":0.0145339677,\"1609786800000\":0.0204991605,\"1609790400000\":0.3478190121,\"1609794000000\":0.1951321318,\"1609797600000\":0.5517288341,\"1609801200000\":0.1743397342,\"1609804800000\":0.8197400347,\"1609808400000\":0.5006546362,\"1609812000000\":0.4953587402,\"1609815600000\":0.1358915566},\"pv\":{\"1609459200000\":0.0,\"1609462800000\":0.0,\"1609466400000\":0.0,\"1609470000000\":0.0,\"1609473600000\":0.0,\"1609477200000\":0.0,\"1609480800000\":0.0,\"1609484400000\":0.0,\"1609488000000\":0.0,\"1609491600000\":0.0,\"1609495200000\":0.0,\"1609498800000\":0.0,\"1609502400000\":0.0,\"1609506000000\":0.0,\"1609509600000\":0.0,\"1609513200000\":0.0,\"1609516800000\":0.0,\"1609520400000\":0.0,\"1609524000000\":0.0,\"1609527600000\":0.0,\"1609531200000\":0.0,\"1609534800000\":0.0,\"1609538400000\":0.0,\"1609542000000\":0.0,\"1609545600000\":0.0,\"1609549200000\":0.0,\"1609552800000\":0.0,\"1609556400000\":0.0,\"1609560000000\":0.0,\"1609563600000\":0.0,\"1609567200000\":0.0,\"1609570800000\":0.0,\"1609574400000\":0.0,\"1609578000000\":0.0,\"1609581600000\":0.0,\"1609585200000\":0.0,\"1609588800000\":0.0,\"1609592400000\":0.0,\"1609596000000\":0.0,\"1609599600000\":0.0,\"1609603200000\":0.0,\"1609606800000\":0.0,\"1609610400000\":0.0,\"1609614000000\":0.0,\"1609617600000\":0.0,\"1609621200000\":0.0,\"1609624800000\":0.0,\"1609628400000\":0.0,\"1609632000000\":0.0,\"1609635600000\":0.0,\"1609639200000\":0.0,\"1609642800000\":0.0,\"1609646400000\":0.0,\"1609650000000\":0.0,\"1609653600000\":0.0,\"1609657200000\":0.0,\"1609660800000\":0.0,\"1609664400000\":0.0,\"1609668000000\":0.0,\"1609671600000\":0.0,\"1609675200000\":0.0,\"1609678800000\":0.0,\"1609682400000\":0.0,\"1609686000000\":0.0,\"1609689600000\":0.0,\"1609693200000\":0.0,\"1609696800000\":0.0,\"1609700400000\":0.0,\"1609704000000\":0.0,\"1609707600000\":0.0,\"1609711200000\":0.0,\"1609714800000\":0.0,\"1609718400000\":0.0,\"1609722000000\":0.0,\"1609725600000\":0.0,\"1609729200000\":0.0,\"1609732800000\":0.0,\"1609736400000\":0.0,\"1609740000000\":0.0,\"1609743600000\":0.0,\"1609747200000\":0.0,\"1609750800000\":0.0,\"1609754400000\":0.0,\"1609758000000\":0.0,\"1609761600000\":0.0,\"1609765200000\":0.0,\"1609768800000\":0.0,\"1609772400000\":0.0,\"1609776000000\":0.0,\"1609779600000\":0.0,\"1609783200000\":0.0,\"1609786800000\":0.0,\"1609790400000\":0.0,\"1609794000000\":0.0,\"1609797600000\":0.0,\"1609801200000\":0.0,\"1609804800000\":0.0,\"1609808400000\":0.0,\"1609812000000\":0.0,\"1609815600000\":0.0},\"schedule\":{\"1609459200000\":-0.3697351035,\"1609462800000\":-0.0328476575,\"1609466400000\":-0.5747993436,\"1609470000000\":-0.2237403488,\"1609473600000\":-0.602658958,\"1609477200000\":-0.239947421,\"1609480800000\":-0.0249539053,\"1609484400000\":-0.7619935496,\"1609488000000\":-0.612475225,\"1609491600000\":-0.0149062727,\"1609495200000\":-0.3677257663,\"1609498800000\":-0.2659590998,\"1609502400000\":-0.254428268,\"1609506000000\":-0.6296574282,\"1609509600000\":-0.0165970062,\"1609513200000\":-0.7079666697,\"1609516800000\":-0.3019615499,\"1609520400000\":-0.7741694764,\"1609524000000\":-0.2070325458,\"1609527600000\":-0.2701620345,\"1609531200000\":-0.3988207646,\"1609534800000\":-0.7746496008,\"1609538400000\":-0.4927326376,\"1609542000000\":-0.5941855928,\"1609545600000\":-0.5510877946,\"1609549200000\":-0.2326473904,\"1609552800000\":-0.1697228613,\"1609556400000\":-0.6856714107,\"1609560000000\":-0.1864716748,\"1609563600000\":-0.7401870639,\"1609567200000\":-0.0203665238,\"1609570800000\":-0.542736616,\"1609574400000\":-0.3548246972,\"1609578000000\":-0.0538754625,\"1609581600000\":-0.3394488795,\"1609585200000\":-0.21923619,\"1609588800000\":-0.090782758,\"1609592400000\":-0.4343524906,\"1609596000000\":-0.1896053469,\"1609599600000\":-0.15365452,\"1609603200000\":-0.2964346241,\"1609606800000\":-0.7363986154,\"1609610400000\":-0.0204211578,\"1609614000000\":-0.224178559,\"1609617600000\":-0.596592585,\"1609621200000\":-0.7656590538,\"1609624800000\":-0.4624940837,\"1609628400000\":-0.2312151403,\"1609632000000\":-0.2154792526,\"1609635600000\":-0.7221819028,\"1609639200000\":-0.3614944406,\"1609642800000\":-0.45465196,\"1609646400000\":-0.3760372087,\"1609650000000\":-0.3553369782,\"1609653600000\":-0.0189689228,\"1609657200000\":-0.581605355,\"1609660800000\":-0.3816227543,\"1609664400000\":-0.4942786135,\"1609668000000\":-0.4949410822,\"1609671600000\":-0.7759260599,\"1609675200000\":-0.6870495599,\"1609678800000\":-0.7277999475,\"1609682400000\":-0.2566664339,\"1609686000000\":-0.3271732865,\"1609689600000\":-0.2981003321,\"1609693200000\":-0.1455587015,\"1609696800000\":-0.2248273906,\"1609700400000\":-0.0907458334,\"1609704000000\":-0.631442326,\"1609707600000\":-0.2003825945,\"1609711200000\":-0.2869000603,\"1609714800000\":-0.6552772956,\"1609718400000\":-0.6110152652,\"1609722000000\":-0.3492458091,\"1609725600000\":-0.2317679007,\"1609729200000\":-0.8126242123,\"1609732800000\":-0.5356736423,\"1609736400000\":-0.6268822075,\"1609740000000\":-0.1209003033,\"1609743600000\":-0.6892187448,\"1609747200000\":-0.4153728254,\"1609750800000\":-0.0597322324,\"1609754400000\":-0.7597996605,