{
  "MarketMaker": {
    "id": "MarketMaker",
    "sell_prices": [
      0.05087,
      0.05087,
      0.05087,
      0.05087,
      0.04819,
      0.04819,
      0.04819,
      0.04819,
      0.04468,
      0.04468,
      0.04468,
      0.04468,
      0.04292,
      0.04292,
      0.04292,
      0.04292,
      0.04039,
      0.04039,
      0.04039,
      0.04039,
      0.0402,
      0.0402,
      0.0402,
      0.0402,
      0.03963,
      0.03963,
      0.03963,
      0.03963
    ],
    "buy_prices": [
      0.05087,
      0.05087,
      0.05087,
      0.05087,
      0.04819,
      0.04819,
      0.04819,
      0.04819,
      0.04468,
      0.04468,
      0.04468,
      0.04468,
      0.04292,
      0.04292,
      0.04292,
      0.04292,
      0.04039,
      0.04039,
      0.04039,
      0.04039,
      0.0402,
      0.0402,
      0.0402,
      0.0402,
      0.03963,
      0.03963,
      0.03963,
      0.03963
    ]
  },
  "residential_1": {
    "id": "residential_1",
    "df": {},
    "csv": "actor_residential_1.csv",
    "ls": 1,
    "ps": 1,
    "pm": {},
    "battery_cap": 0.02,
    "battery_initial_soc": 0.5,
    "strategy": 0,
    "pricing_strategy": NaN
  },
  "residential_2": {
    "id": "residential_2",
    "df": {},
    "csv": "actor_residential_2.csv",
    "ls": 1,
    "ps": 1,
    "pm": {},
    "battery_cap": 0.02,
    "battery_initial_soc": 0.5,
    "strategy": 0,
    "pricing_strategy": NaN
  },
  "residential_3": {
    "id": "residential_3",
    "df": {},
    "csv": "actor_residential_3.csv",
    "ls": 1,
    "ps": 1,
    "pm": {},
    "battery_cap": 3,
    "battery_initial_soc": 0.5,
    "strategy": 3.0,
    "pricing_strategy": {
      "name": "linear",
      "param": [
        0.01
      ]
    }
  }
}