{
  "id": "H1",
  "df": "{\"load\":{\"1609459200000\":0.4060274486,\"1609462800000\":0.4201730738,\"1609466400000\":0.0991322598,\"1609470000000\":0.2755950596,\"1609473600000\":0.1871601249,\"1609477200000\":0.0847639371,\"1609480800000\":0.2201690902,\"1609484400000\":0.3959271104,\"1609488000000\":0.4709098607,\"1609491600000\":0.296595152,\"1609495200000\":0.5119188503,\"1609498800000\":0.5668507988,\"1609502400000\":0.0649982636,\"1609506000000\":0.520751517,\"1609509600000\":0.0577509638,\"1609513200000\":0.2018019156,\"1609516800000\":0.2868360611,\"1609520400000\":0.2991977818,\"1609524000000\":0.2188796524,\"1609527600000\":0.1669021613,\"1609531200000\":0.0439369016,\"1609534800000\":0.2718474653,\"1609538400000\":0.1866646469,\"1609542000000\":0.0432849924,\"1609545600000\":0.572653157,\"1609549200000\":0.2102883322,\"1609552800000\":0.3672871159,\"1609556400000\":0.1081361765,\"1609560000000\":0.1934967851,\"1609563600000\":0.272318978,\"1609567200000\":0.4246861172,\"1609570800000\":0.0619167779,\"1609574400000\":0.4822583447,\"1609578000000\":0.2195702282,\"1609581600000\":0.2873330865,\"1609585200000\":0.0356176754,\"1609588800000\":0.4157538688,\"1609592400000\":0.1588237151,\"1609596000000\":0.5465435952,\"1609599600000\":0.2059389851,\"1609603200000\":0.4279467407,\"1609606800000\":0.288248426,\"1609610400000\":0.0111029402,\"1609614000000\":0.3785537612,\"1609617600000\":0.1189277256,\"1609621200000\":0.5231590756,\"1609624800000\":0.3983587889,\"1609628400000\":0.2560504877,\"1609632000000\":0.2237874813,\"1609635600000\":0.0275551974,\"1609639200000\":0.0612245832,\"1609642800000\":0.5422372516,\"1609646400000\":0.2800464025,\"1609650000000\":0.2179642083,\"1609653600000\":0.3415702539,\"1609657200000\":0.1443657352,\"1609660800000\":0.5472144953,\"1609664400000\":0.3244331304,\"1609668000000\":0.1768812789,\"1609671600000\":0.4089758348,\"1609675200000\":0.2246612303,\"1609678800000\":0.5490130844,\"1609682400000\":0.2943608513,\"1609686000000\":0.3207849872,\"1609689600000\":0.221852193,\"1609693200000\":0.2277887323,\"1609696800000\":0.1337372045,\"1609700400000\":0.4521185596,\"1609704000000\":0.2004290344,\"1609707600000\":0.2040920956,\"1609711200000\":0.1492648026,\"1609714800000\":0.1245548189,\"1609718400000\":0.445954845,\"1609722000000\":0.0800746914,\"1609725600000\":0.1078072746,\"1609729200000\":0.2719745157,\"1609732800000\":0.3974715925,\"1609736400000\":0.0054116175,\"1609740000000\":0.153674333,\"1609743600000\":0.0208690716,\"1609747200000\":0.2848319427,\"1609750800000\":0.1405550786,\"1609754400000\":0.5358162928,\"1609758000000\":0.5122513727,\"1609761600000\":0.571004019,\"1609765200000\":0.1017044394,\"1609768800000\":0.3112770356,\"1609772400000\":0.2115111561,\"1609776000000\":0.3140774532,\"1609779600000\":0.2907820122,\"1609783200000\":0.0086639578,\"1609786800000\":0.5360983419,\"1609790400000\":0.4545219513,\"1609794000000\":0.3242256417,\"1609797600000\":0.5712091597,\"1609801200000\":0.1458470678,\"1609804800000\":0.3451581924,\"1609808400000\":0.3685203656,\"1609812000000\":0.2860655942,\"1609815600000\":0.4465611674},\"pv\":{\"1609459200000\":0.0,\"1609462800000\":0.0,\"1609466400000\":0.0,\"1609470000000\":0.0,\"1609473600000\":0.0,\"1609477200000\":0.0,\"1609480800000\":0.0,\"1609484400000\":0.0,\"1609488000000\":0.0,\"1609491600000\":0.0,\"1609495200000\":0.0,\"1609498800000\":0.0,\"1609502400000\":0.0,\"1609506000000\":0.0,\"1609509600000\":0.0,\"1609513200000\":0.0,\"1609516800000\":0.0,\"1609520400000\":0.0,\"1609524000000\":0.0,\"1609527600000\":0.0,\"1609531200000\":0.0,\"1609534800000\":0.0,\"1609538400000\":0.0,\"1609542000000\":0.0,\"1609545600000\":0.0,\"1609549200000\":0.0,\"1609552800000\":0.0,\"1609556400000\":0.0,\"1609560000000\":0.0,\"1609563600000\":0.0,\"1609567200000\":0.0,\"1609570800000\":0.0,\"1609574400000\":0.0,\"1609578000000\":0.0,\"1609581600000\":0.0,\"1609585200000\":0.0,\"1609588800000\":0.0,\"1609592400000\":0.0,\"1609596000000\":0.0,\"1609599600000\":0.0,\"1609603200000\":0.0,\"1609606800000\":0.0,\"1609610400000\":0.0,\"1609614000000\":0.0,\"1609617600000\":0.0,\"1609621200000\":0.0,\"1609624800000\":0.0,\"1609628400000\":0.0,\"1609632000000\":0.0,\"1609635600000\":0.0,\"1609639200000\":0.0,\"1609642800000\":0.0,\"1609646400000\":0.0,\"1609650000000\":0.0,\"1609653600000\":0.0,\"1609657200000\":0.0,\"1609660800000\":0.0,\"1609664400000\":0.0,\"1609668000000\":0.0,\"1609671600000\":0.0,\"1609675200000\":0.0,\"1609678800000\":0.0,\"1609682400000\":0.0,\"1609686000000\":0.0,\"1609689600000\":0.0,\"1609693200000\":0.0,\"1609696800000\":0.0,\"1609700400000\":0.0,\"1609704000000\":0.0,\"1609707600000\":0.0,\"1609711200000\":0.0,\"1609714800000\":0.0,\"1609718400000\":0.0,\"1609722000000\":0.0,\"1609725600000\":0.0,\"1609729200000\":0.0,\"1609732800000\":0.0,\"1609736400000\":0.0,\"1609740000000\":0.0,\"1609743600000\":0.0,\"1609747200000\":0.0,\"1609750800000\":0.0,\"1609754400000\":0.0,\"1609758000000\":0.0,\"1609761600000\":0.0,\"1609765200000\":0.0,\"1609768800000\":0.0,\"1609772400000\":0.0,\"1609776000000\":0.0,\"1609779600000\":0.0,\"1609783200000\":0.0,\"1609786800000\":0.0,\"1609790400000\":0.0,\"1609794000000\":0.0,\"1609797600000\":0.0,\"1609801200000\":0.0,\"1609804800000\":0.0,\"1609808400000\":0.0,\"1609812000000\":0.0,\"1609815600000\":0.0},\"schedule\":{\"1609459200000\":-0.4060274486,\"1609462800000\":-0.4201730738,\"1609466400000\":-0.0991322598,\"1609470000000\":-0.2755950596,\"1609473600000\":-0.1871601249,\"1609477200000\":-0.0847639371,\"1609480800000\":-0.2201690902,\"1609484400000\":-0.3959271104,\"1609488000000\":-0.4709098607,\"1609491600000\":-0.296595152,\"1609495200000\":-0.5119188503,\"1609498800000\":-0.5668507988,\"1609502400000\":-0.0649982636,\"1609506000000\":-0.520751517,\"1609509600000\":-0.0577509638,\"1609513200000\":-0.2018019156,\"1609516800000\":-0.2868360611,\"1609520400000\":-0.2991977818,\"1609524000000\":-0.2188796524,\"1609527600000\":-0.1669021613,\"1609531200000\":-0.0439369016,\"1609534800000\":-0.2718474653,\"1609538400000\":-0.1866646469,\"1609542000000\":-0.0432849924,\"1609545600000\":-0.572653157,\"1609549200000\":-0.2102883322,\"1609552800000\":-0.3672871159,\"1609556400000\":-0.1081361765,\"1609560000000\":-0.1934967851,\"1609563600000\":-0.272318978,\"1609567200000\":-0.4246861172,\"1609570800000\":-0.0619167779,\"1609574400000\":-0.4822583447,\"1609578000000\":-0.2195702282,\"1609581600000\":-0.2873330865,\"1609585200000\":-0.0356176754,\"1609588800000\":-0.4157538688,\"1609592400000\":-0.1588237151,\"1609596000000\":-0.5465435952,\"1609599600000\":-0.2059389851,\"1609603200000\":-0.4279467407,\"1609606800000\":-0.288248426,\"1609610400000\":-0.0111029402,\"1609614000000\":-0.3785537612,\"1609617600000\":-0.1189277256,\"1609621200000\":-0.5231590756,\"1609624800000\":-0.3983587889,\"1609628400000\":-0.2560504877,\"1609632000000\":-0.2237874813,\"1609635600000\":-0.0275551974,\"1609639200000\":-0.0612245832,\"1609642800000\":-0.5422372516,\"1609646400000\":-0.2800464025,\"1609650000000\":-0.2179642083,\"1609653600000\":-0.3415702539,\"1609657200000\":-0.1443657352,\"1609660800000\":-0.5472144953,\"1609664400000\":-0.3244331304,\"1609668000000\":-0.1768812789,\"1609671600000\":-0.4089758348,\"1609675200000\":-0.2246612303,\"1609678800000\":-0.5490130844,\"1609682400000\":-0.2943608513,\"1609686000000\":-0.3207849872,\"1609689600000\":-0.221852193,\"1609693200000\":-0.2277887323,\"1609696800000\":-0.1337372045,\"1609700400000\":-0.4521185596,\"1609704000000\":-0.2004290344,\"1609707600000\":-0.2040920956,\"1609711200000\":-0.1492648026,\"1609714800000\":-0.1245548189,\"1609718400000\":-0.445954845,\"1609722000000\":-0.0800746914,\"1609725600000\":-0.1078072746,\"1609729200000\":-0.2719745157,\"1609732800000\":-0.3974715925,\"1609736400000\":-0.0054116175,\"1609740000000\":-0.153674333,\"1609743600000\":-0.0208690716,\"1609747200000\":-0.2848319427,\"1609750800000\":-0.1405550786,\"1609754400000\":-0.5358162928,